id,time,buffer,bitrate,throughput
1804,1712779382000,2.639,142,607.656
1805,1712779383000,5.754,142,648.64
1806,1712779384000,6.676,142,717.704
1807,1712779385000,9.645,142,769.176
1808,1712779386000,10.654,142,854.704
1809,1712779387000,9.778,142,749.36
1810,1712779388000,10.638,142,287.16
1811,1712779389000,13.729,142,670.888
1812,1712779390000,16.668,142,536.176
1813,1712779391000,17.658,142,768.656
1814,1712779392000,16.816,142,324.64
1815,1712779393000,15.755,142,885.752
1816,1712779394000,16.688,142,1569.664
1817,1712779395000,15.891,142,1667.04
1818,1712779396000,16.82,142,1764.936
1819,1712779397000,17.625,647,1890.04
1820,1712779398000,16.706,647,1997.864
1821,1712779399000,17.639,647,2117.232
1822,1712779400000,18.653,647,2208.76
1823,1712779401000,17.787,647,2366.728
1824,1712779402000,18.723,647,2451.824
1825,1712779403000,19.653,647,2582.984
1825,1712779403500,19.653,1093,2582.984
1826,1712779404000,20.665,1093,2689.064
1827,1712779405000,19.795,1093,2126.56
1828,1712779406000,20.737,1093,2927.0
1829,1712779407000,21.673,1093,3002.592
1830,1712779408000,20.88,1093,3148.216
1831,1712779409000,23.629,1093,3288.608
1832,1712779410000,24.753,1904,3371.064
1833,1712779411000,25.687,1904,3528.72
1834,1712779412000,24.626,1904,3607.248
1835,1712779413000,25.662,1904,3707.576
1836,1712779414000,26.759,1904,3817.752
1836,1712779414500,26.759,1904,3817.752
1837,1712779415000,25.706,1904,3921.936
1838,1712779416000,26.645,1904,2089.528
1839,1712779417000,27.708,1904,83.4
1840,1712779418000,28.629,1904,2657.944
1841,1712779419000,29.725,1904,812.288
1842,1712779420000,30.657,1904,2180.352
1843,1712779421000,29.856,1904,152.736
1844,1712779422000,28.797,1904,2587.4
1845,1712779423000,29.728,1904,13.184
1846,1712779424000,30.67,1904,3101.192
1847,1712779425000,29.872,1904,1684.32
1848,1712779426000,30.665,1904,1274.28
1849,1712779427000,29.747,1904,1162.608
1850,1712779428000,30.688,1904,4884.512
1851,1712779429000,29.629,1904,4877.544
1852,1712779430000,30.655,1904,4958.464
1853,1712779431000,29.666,3886,2654.552
1854,1712779432000,28.706,3886,4997.904
1855,1712779433000,29.642,3886,2695.28
1856,1712779434000,28.849,3886,5008.864
1857,1712779435000,29.777,3886,4961.584
1858,1712779436000,28.724,3886,4988.608
1858,1712779436500,28.724,3886,4988.608
1859,1712779437000,29.652,3886,2734.84
1860,1712779438000,28.689,3886,4950.12
1861,1712779439000,27.802,3886,4886.456
1862,1712779440000,28.74,3886,4896.6
1863,1712779441000,29.67,3886,4814.544
1864,1712779442000,28.871,3886,4804.136
1865,1712779443000,29.69,3886,2640.448
1866,1712779444000,28.755,3886,4699.328
1867,1712779445000,29.689,3886,4636.528
1868,1712779446000,28.631,3886,4513.872
1869,1712779447000,29.74,3886,4381.344
1870,1712779448000,28.663,3886,4416.336
1871,1712779449000,27.707,3886,4337.52
1872,1712779450000,28.647,3886,4248.312
1873,1712779451000,27.847,1904,4113.776
1874,1712779452000,26.784,1904,4060.144
1875,1712779453000,25.726,1904,3918.328
1876,1712779454000,24.662,1904,3847.944
1877,1712779455000,25.864,1904,3734.152
1878,1712779456000,24.803,1904,3597.544
1879,1712779457000,25.66,1904,3534.728
1880,1712779458000,24.674,1904,3378.024
1881,1712779459000,25.879,1904,3300.416
1882,1712779460000,24.818,1904,3152.544
1883,1712779461000,25.751,1904,3062.64
1884,1712779462000,26.629,1904,2945.08
1885,1712779463000,25.629,1904,2817.432
1886,1712779464000,26.827,1904,2659.152
1887,1712779465000,25.77,1904,2576.496
1888,1712779466000,24.71,1904,2461.632
1889,1712779467000,23.642,1904,2337.816
1890,1712779468000,24.68,1904,2227.48
1891,1712779469000,23.783,1904,2092.768
1892,1712779470000,22.725,1904,1996.648
1893,1712779471000,21.658,1904,1833.144
1894,1712779472000,20.864,1904,1764.648
1895,1712779473000,19.799,1904,1650.68
1896,1712779474000,18.742,1904,1543.504
1897,1712779475000,19.677,647,1443.88
1898,1712779476000,18.873,647,1353.28
1899,1712779477000,17.82,647,1240.768
1900,1712779478000,18.681,647,1156.528
1900,1712779478500,18.681,647,1156.528
1901,1712779479000,17.688,647,1079.552
1902,1712779480000,16.625,647,988.232
1903,1712779481000,15.836,647,909.808
1904,1712779482000,14.768,647,836.136
1905,1712779483000,13.705,647,762.456
1906,1712779484000,14.642,647,704.064
1907,1712779485000,13.846,647,655.056
1908,1712779486000,12.785,647,590.464
1909,1712779487000,11.727,647,552.352
1910,1712779488000,10.643,647,514.912
1911,1712779489000,9.856,647,476.848
1912,1712779490000,8.8,647,451.568
1913,1712779491000,7.743,647,208.04
1914,1712779492000,6.672,647,409.808
1915,1712779493000,5.871,647,401.776
1916,1712779494000,4.813,647,405.688
1917,1712779495000,3.759,142,393.08
1918,1712779496000,4.695,142,414.288
1919,1712779497000,3.892,142,438.832
1920,1712779498000,4.686,142,449.72
1921,1712779499000,3.768,142,486.432
1922,1712779500000,4.711,142,517.048
1923,1712779501000,5.874,142,557.952
1924,1712779502000,4.808,142,601.424
1925,1712779503000,4.071,142,649.176
1926,1712779504000,5.173,142,720.216
1927,1712779505000,4.375,142,774.496
1928,1712779506000,3.243,142,853.4
1929,1712779507000,4.156,142,916.192
1930,1712779508000,5.19,142,998.52
1931,1712779509000,4.39,142,1074.608
1932,1712779510000,6.055,142,1172.04
1933,1712779511000,9.106,142,1262.456
1934,1712779512000,10.077,142,1339.28
1935,1712779513000,11.276,142,1459.384
1936,1712779514000,12.209,142,1340.024
1937,1712779515000,13.098,142,1665.296
1938,1712779516000,16.077,647,1779.184
1939,1712779517000,17.272,647,1879.288
1940,1712779518000,20.131,647,1975.8
1941,1712779519000,23.098,647,1309.128
1941,1712779519500,23.098,1093,1309.128
1942,1712779520000,24.106,1093,1041.744
1943,1712779521000,27.3,1093,320.96
1944,1712779522000,28.225,1093,1033.52
1945,1712779523000,29.142,1093,138.864
1946,1712779524000,28.117,1093,855.128
1947,1712779525000,29.312,1093,2767.24
1948,1712779526000,28.255,1093,1341.384
1949,1712779527000,29.186,1093,1923.248
1950,1712779528000,28.132,1093,3172.888
1950,1712779528500,28.132,1904,3172.888
1951,1712779529000,29.333,1904,3269.144
1952,1712779530000,30.232,1904,3400.672
1953,1712779531000,29.208,1904,3490.432
1954,1712779532000,28.147,1904,3384.16
1955,1712779533000,29.08,1904,2421.08
1956,1712779534000,28.289,1904,621.904
1957,1712779535000,29.151,1904,2324.24
1958,1712779536000,28.16,1904,320.672
1959,1712779537000,29.1,1904,2675.04
1960,1712779538000,30.145,1904,651.12
1961,1712779539000,31.192,1904,1803.184
1962,1712779540000,30.179,1904,41.024
1963,1712779541000,29.116,1904,1983.28
1964,1712779542000,30.261,1904,312.632
1965,1712779543000,31.174,1904,1696.76
1966,1712779544000,30.182,1904,766.52
1967,1712779545000,31.125,1904,1757.128
1968,1712779546000,30.327,1904,324.544
1969,1712779547000,29.268,1904,3199.008
1970,1712779548000,30.086,1904,1060.096
1971,1712779549000,31.104,1904,4007.096
1972,1712779550000,30.078,1904,322.704
1972,1712779550500,30.078,3886,322.704
1973,1712779551000,29.208,3886,2343.6
1974,1712779552000,30.219,3886,2690.992
1975,1712779553000,29.163,3886,4064.512
1976,1712779554000,30.092,3886,290.96
1977,1712779555000,29.296,3886,3251.952
1978,1712779556000,30.168,3886,1453.528
1979,1712779557000,29.178,3886,3672.4
1980,1712779558000,30.118,3886,1557.064
1981,1712779559000,29.319,3886,3614.248
1982,1712779560000,30.152,3886,1716.104
1983,1712779561000,29.194,3886,3445.776
1984,1712779562000,30.132,3886,842.616
1985,1712779563000,29.334,3886,3023.568
1986,1712779564000,30.274,3886,205.952
1987,1712779565000,29.208,3886,3349.84
1988,1712779566000,30.146,3886,456.4
1989,1712779567000,31.084,3886,3087.496
1990,1712779568000,30.118,3886,343.152
1991,1712779569000,29.225,3886,3226.872
1992,1712779570000,30.161,3886,444.736
1993,1712779571000,31.092,3886,3440.688
1994,1712779572000,30.294,3886,317.536
1995,1712779573000,29.242,3886,2298.544
1996,1712779574000,30.166,3886,736.056
1997,1712779575000,29.116,3886,2121.552
1998,1712779576000,30.16,3886,1871.984
1999,1712779577000,29.256,3886,1952.856
2000,1712779578000,30.145,3886,2568.904
2001,1712779579000,29.132,3886,2632.496
2002,1712779580000,30.16,3886,3159.368
2002,1712779580500,30.16,3886,3159.368
2003,1712779581000,29.273,3886,3058.16
2004,1712779582000,30.129,3886,2231.8
2005,1712779583000,29.146,3886,2366.808
2006,1712779584000,28.082,3886,1989.592
2007,1712779585000,29.288,3886,2213.288
2008,1712779586000,30.225,3886,2461.296
2009,1712779587000,29.166,3886,2328.888
2010,1712779588000,30.103,3886,2216.624
2011,1712779589000,29.305,3886,2092.488
2012,1712779590000,28.239,3886,1525.024
2013,1712779591000,29.179,3886,1656.432
2014,1712779592000,28.117,3886,1761.696
2015,1712779593000,29.312,3886,1659.472
2016,1712779594000,30.26,3886,1538.128
2017,1712779595000,29.192,3886,1451.136
2018,1712779596000,28.133,3886,1329.896
2019,1712779597000,29.334,3886,969.104
2020,1712779598000,28.094,3886,877.008
2021,1712779599000,27.208,3886,597.112
2022,1712779600000,28.14,647,137.136
2023,1712779601000,29.08,647,12.32
2024,1712779602000,28.286,647,14.064
2025,1712779603000,29.224,647,254.0
2026,1712779604000,28.153,647,671.64
2027,1712779605000,27.1,647,523.152
2028,1712779606000,26.303,647,592.096
2029,1712779607000,25.234,647,444.408
2030,1712779608000,24.15,647,507.36
2031,1712779609000,25.118,647,474.576
2032,1712779610000,24.321,647,446.208
2033,1712779611000,25.249,647,432.624
2034,1712779612000,24.194,647,139.312
2035,1712779613000,25.125,647,402.08
2036,1712779614000,24.339,647,410.704
2037,1712779615000,23.269,647,333.688
2038,1712779616000,22.214,647,412.368
2039,1712779617000,23.146,647,433.968
2040,1712779618000,22.084,647,456.288
2041,1712779619000,23.099,647,477.248
2042,1712779620000,22.221,647,514.72
2043,1712779621000,23.104,647,561.088
2044,1712779622000,22.094,647,601.232
2045,1712779623000,23.25,647,524.72
2046,1712779624000,24.194,647,713.904
2047,1712779625000,23.168,647,345.512
2048,1712779626000,24.115,647,847.704
2049,1712779627000,25.271,647,893.616
2050,1712779628000,24.142,647,1011.24
2051,1712779629000,25.191,647,864.28
2052,1712779630000,24.135,647,842.032
2053,1712779631000,25.243,647,893.672
2054,1712779632000,24.276,647,522.688
2055,1712779633000,25.202,647,485.024
2056,1712779634000,26.145,647,1100.912
2057,1712779635000,25.087,647,569.936
2058,1712779636000,26.136,647,1757.416
2059,1712779637000,25.218,647,1878.376
2060,1712779638000,26.143,647,2003.512
2061,1712779639000,25.104,647,422.376
2061,1712779639500,25.104,1093,422.376
2062,1712779640000,26.147,1093,892.664
2063,1712779641000,27.241,1093,314.768
2064,1712779642000,28.183,1093,1016.264
2065,1712779643000,29.108,1093,307.768
2066,1712779644000,28.324,1093,1325.296
2067,1712779645000,29.252,1093,2759.128
2068,1712779646000,28.196,1093,1016.864
2069,1712779647000,29.125,1093,2259.536
2070,1712779648000,28.12,1093,1449.808
2070,1712779648500,28.12,1904,1449.808
2071,1712779649000,29.274,1904,2045.92
2072,1712779650000,30.212,1904,767.064
2073,1712779651000,29.151,1904,2845.488
2074,1712779652000,30.088,1904,189.888
2075,1712779653000,29.293,1904,2111.408
2076,1712779654000,30.222,1904,535.28
2077,1712779655000,29.167,1904,3472.344
2078,1712779656000,30.096,1904,322.704
2079,1712779657000,29.295,1904,2047.944
2080,1712779658000,30.147,1904,4210.864
2081,1712779659000,29.181,1904,4324.72
2082,1712779660000,30.114,1904,3671.68
2083,1712779661000,29.314,1904,3260.248
2084,1712779662000,28.25,1904,4555.04
2085,1712779663000,29.199,1904,4582.728
2086,1712779664000,28.133,1904,4689.872
2087,1712779665000,29.339,1904,4703.304
2088,1712779666000,28.275,1904,4788.48
2088,1712779666500,28.275,1904,4788.48
2089,1712779667000,29.216,1904,4802.688
2090,1712779668000,28.145,1904,4840.624
2091,1712779669000,29.087,1904,3491.056
2092,1712779670000,28.292,1904,13.728
2093,1712779671000,27.231,1904,3330.28
2094,1712779672000,28.169,3886,312.672
2095,1712779673000,31.101,3886,3008.2
2096,1712779674000,30.303,3886,1629.192
2097,1712779675000,29.244,3886,3549.368
2098,1712779676000,30.18,3886,4998.032
2099,1712779677000,29.121,3886,4925.92
2100,1712779678000,30.149,3886,4952.896
2100,1712779678500,30.149,3886,4952.896
2101,1712779679000,29.263,3886,4888.992
2102,1712779680000,28.2,3886,4893.8
2103,1712779681000,29.122,3886,4802.688
2104,1712779682000,28.341,3886,4804.0
2105,1712779683000,29.274,3886,4462.928
2106,1712779684000,28.215,3886,3592.608
2107,1712779685000,29.148,3886,4590.496
2108,1712779686000,28.086,3886,4576.272
2109,1712779687000,27.293,3886,4442.032
2110,1712779688000,28.15,3886,2459.184
2111,1712779689000,27.169,3886,3044.544
2112,1712779690000,28.107,3886,4244.512
2113,1712779691000,29.297,3886,4022.36
2114,1712779692000,30.098,3886,4060.792
2115,1712779693000,29.184,3886,3943.384
2116,1712779694000,28.122,3886,3853.816
2117,1712779695000,29.103,3886,3742.224
2118,1712779696000,28.259,3886,2769.24
2119,1712779697000,27.198,3886,3519.6
2120,1712779698000,28.138,3886,2588.76
2121,1712779699000,27.338,3886,3297.696
2122,1712779700000,28.279,3886,3179.952
2123,1712779701000,27.213,3886,3040.744
2124,1712779702000,28.14,3886,2904.208
2125,1712779703000,27.087,3886,2800.24
2126,1712779704000,26.29,3886,2693.632
2127,1712779705000,27.232,3886,2561.696
2127,1712779705500,27.232,1904,2561.696
2128,1712779706000,26.168,1904,2442.552
2129,1712779707000,25.106,1904,2327.272
2130,1712779708000,26.145,1904,650.744
2131,1712779709000,27.248,1904,1531.168
2132,1712779710000,28.183,1904,27.528
2133,1712779711000,29.121,1904,1393.984
2134,1712779712000,30.322,1904,476.744
2135,1712779713000,31.144,1904,1492.656
2136,1712779714000,30.19,1904,525.96
2137,1712779715000,29.136,1904,1225.376
2138,1712779716000,30.165,1904,689.976
2139,1712779717000,29.274,1904,898.272
2140,1712779718000,30.153,1904,1158.464
2141,1712779719000,29.143,1904,1078.016
2142,1712779720000,30.083,1904,985.424
2143,1712779721000,29.283,1904,912.28
2144,1712779722000,28.231,1904,837.856
2145,1712779723000,29.163,1904,764.656
2146,1712779724000,28.109,1904,706.888
2147,1712779725000,27.306,1904,650.944
2148,1712779726000,28.145,1904,592.608
2149,1712779727000,27.177,1904,545.904
2150,1712779728000,26.124,1904,513.72
2151,1712779729000,25.322,1904,476.096
2152,1712779730000,26.259,1904,458.896
2153,1712779731000,25.203,1904,417.568
2154,1712779732000,26.093,1904,410.408
2154,1712779732500,26.093,142,410.408
2155,1712779733000,25.332,142,316.44
2156,1712779734000,24.281,142,15.728
2157,1712779735000,25.186,142,16.48
2158,1712779736000,24.146,142,11.328
2159,1712779737000,25.091,142,13.208
2160,1712779738000,24.141,142,14.44
2161,1712779739000,23.223,142,11.024
2162,1712779740000,22.17,142,12.128
2163,1712779741000,21.102,142,31.2
2164,1712779742000,20.305,142,134.048
2165,1712779743000,19.237,142,487.424
2166,1712779744000,18.184,142,188.608
2167,1712779745000,17.117,142,661.944
2168,1712779746000,16.318,142,142.528
2169,1712779747000,17.112,142,528.312
2170,1712779748000,16.146,142,177.144
2171,1712779749000,17.14,142,1079.232
2172,1712779750000,16.341,142,1169.888
2173,1712779751000,17.27,142,1265.52
2174,1712779752000,16.217,142,1344.776
2174,1712779752500,16.217,647,1344.776
2175,1712779753000,17.147,647,1463.024
2176,1712779754000,16.09,647,1559.936
2177,1712779755000,17.288,647,1664.704
2178,1712779756000,16.229,647,1767.96
2179,1712779757000,17.165,647,1474.496
2180,1712779758000,18.109,647,2004.08
2180,1712779758500,18.109,647,2004.08
2181,1712779759000,19.153,647,2099.096
2182,1712779760000,20.249,647,2246.816
2182,1712779760500,20.249,1093,2246.816
2183,1712779761000,21.184,1093,2327.16
2184,1712779762000,20.114,1093,2465.728
2185,1712779763000,21.172,1093,2572.976
2186,1712779764000,20.265,1093,2591.712
2187,1712779765000,21.19,1093,2808.16
2188,1712779766000,22.141,1093,2915.592
2189,1712779767000,23.192,1093,3056.84
2190,1712779768000,24.102,1904,3141.92
2191,1712779769000,23.218,1904,3265.32
2192,1712779770000,24.156,1904,3401.928
2193,1712779771000,23.093,1904,3488.168
2194,1712779772000,24.296,1904,3572.256
2195,1712779773000,25.232,1904,3740.936
2196,1712779774000,24.172,1904,3816.864
2197,1712779775000,25.106,1904,3911.552
2198,1712779776000,24.301,1904,2306.648
2199,1712779777000,25.24,1904,2035.784
2200,1712779778000,26.155,1904,698.104
2201,1712779779000,29.113,1904,3832.224
2202,1712779780000,30.215,1904,507.904
2203,1712779781000,29.239,1904,1872.016
2204,1712779782000,30.18,1904,1930.0
2205,1712779783000,29.124,1904,2882.336
2206,1712779784000,30.25,1904,1102.696
2207,1712779785000,29.257,1904,3747.872
2208,1712779786000,30.201,1904,316.464
2209,1712779787000,29.139,1904,4721.632
2210,1712779788000,30.143,1904,3983.712
2211,1712779789000,29.281,1904,3600.832
2212,1712779790000,30.21,3886,4948.64
2213,1712779791000,29.153,3886,4807.8
2214,1712779792000,28.091,3886,4996.512
2214,1712779792500,28.091,3886,4996.512
2215,1712779793000,29.297,3886,4947.056
2216,1712779794000,28.232,3886,5008.4
2217,1712779795000,29.169,3886,4953.64
2218,1712779796000,28.111,3886,4996.928
2219,1712779797000,29.28,3886,4933.552
2220,1712779798000,28.155,3886,4952.088
2221,1712779799000,29.11,3886,4933.712
2222,1712779800000,28.126,3886,4833.88
2223,1712779801000,27.328,3886,4814.664
2224,1712779802000,28.266,3886,4807.928
2225,1712779803000,27.205,3886,4708.152
2226,1712779804000,28.142,3886,1981.768
2227,1712779805000,27.344,3886,4165.712
2228,1712779806000,28.28,3886,4568.432
2229,1712779807000,29.217,3886,4444.152
2230,1712779808000,30.118,3886,4416.288
2231,1712779809000,29.096,3886,4207.664
2232,1712779810000,28.298,3886,4241.232
2233,1712779811000,29.233,3886,4086.448
2234,1712779812000,28.171,3886,4059.88
2235,1712779813000,29.102,3886,3913.496
2236,1712779814000,28.314,3886,3469.216
2237,1712779815000,27.248,3886,2462.608
2238,1712779816000,28.183,3886,3642.528
2239,1712779817000,29.125,3886,3504.56
2240,1712779818000,28.151,3886,3408.856
2241,1712779819000,29.266,3886,3295.664
2242,1712779820000,28.205,3886,3178.288
2243,1712779821000,27.139,3886,3035.096
2244,1712779822000,28.343,3886,2943.304
2245,1712779823000,27.277,3886,2817.824
2246,1712779824000,26.215,3886,2682.992
2247,1712779825000,27.158,3886,2582.864
2248,1712779826000,26.093,3886,2463.312
2249,1712779827000,25.298,3886,2336.432
2250,1712779828000,26.153,3886,2201.384
2251,1712779829000,25.171,3886,2113.408
2252,1712779830000,24.103,3886,1437.728
2253,1712779831000,23.306,3886,1867.4
2254,1712779832000,24.251,3886,1758.68
2254,1712779832500,24.251,1093,1758.68
2255,1712779833000,23.187,1093,1658.368
2256,1712779834000,24.121,1093,1532.304
2257,1712779835000,25.177,1093,1441.488
2258,1712779836000,26.267,1093,1355.504
2259,1712779837000,25.199,1093,1243.2
2260,1712779838000,26.112,1093,1160.28
2261,1712779839000,25.344,1093,1057.904
2262,1712779840000,24.283,1093,991.912
2263,1712779841000,23.219,1093,915.2
2264,1712779842000,22.146,1093,837.408
2265,1712779843000,23.096,1093,771.648
2265,1712779843500,23.096,647,771.648
2266,1712779844000,22.299,647,705.328
2267,1712779845000,21.234,647,646.248
2268,1712779846000,20.165,647,594.048
2269,1712779847000,21.107,647,546.88
2270,1712779848000,20.154,647,511.608
2271,1712779849000,19.25,647,486.176
2272,1712779850000,20.177,647,127.904
2272,1712779850500,20.177,142,127.904
2273,1712779851000,19.122,142,12.128
2274,1712779852000,18.322,142,54.432
2275,1712779853000,19.177,142,406.736
2276,1712779854000,18.197,142,292.976
2277,1712779855000,17.145,142,403.952
2278,1712779856000,16.346,142,410.032
2278,1712779856500,16.346,142,410.032
2279,1712779857000,15.279,142,409.68
2280,1712779858000,16.105,142,446.28
2281,1712779859000,15.155,142,484.848
2282,1712779860000,14.086,142,512.144
2283,1712779861000,15.287,142,556.888
2284,1712779862000,14.231,142,598.176
2285,1712779863000,15.175,142,653.024
2286,1712779864000,16.104,142,710.208
2287,1712779865000,15.303,142,728.8
2288,1712779866000,16.246,142,148.152
2289,1712779867000,15.19,142,714.376
2290,1712779868000,16.119,142,168.192
2291,1712779869000,17.157,142,693.848
2292,1712779870000,16.268,142,328.28
2293,1712779871000,17.198,142,1267.344
2294,1712779872000,16.131,142,1358.576
2295,1712779873000,17.151,142,1446.32
2296,1712779874000,16.276,142,1560.12
2296,1712779874500,16.276,647,1560.12
2297,1712779875000,17.221,647,1661.088
2298,1712779876000,16.158,647,1773.936
2299,1712779877000,17.167,647,1885.728
2300,1712779878000,16.159,647,2000.656
2301,1712779879000,17.23,647,2110.232
2302,1712779880000,18.176,647,2199.864
2303,1712779881000,19.113,647,2356.272
2304,1712779882000,18.094,647,2486.272
2305,1712779883000,19.253,647,2570.464
2305,1712779883500,19.253,1093,2570.464
2306,1712779884000,20.19,1093,2690.264
2307,1712779885000,21.121,1093,2802.464
2308,1712779886000,20.329,1093,2899.496
2309,1712779887000,21.264,1093,3037.168
2310,1712779888000,22.158,1904,3153.552
2311,1712779889000,23.139,1904,3146.184
2312,1712779890000,24.338,1904,2729.056
2313,1712779891000,25.283,1904,1970.184
2314,1712779892000,26.219,1904,15.216
2315,1712779893000,27.16,1904,1863.072
2316,1712779894000,28.091,1904,238.632
2317,1712779895000,31.302,1904,1496.904
2318,1712779896000,30.234,1904,476.712
2319,1712779897000,31.164,1904,1757.84
2320,1712779898000,30.114,1904,14.84
2321,1712779899000,29.312,1904,1999.152
2322,1712779900000,30.243,1904,11.648
2323,1712779901000,31.187,1904,2036.264
2324,1712779902000,30.117,1904,13.984
2325,1712779903000,29.334,1904,1758.208
2326,1712779904000,30.264,1904,315.152
2327,1712779905000,31.151,1904,2048.528
2328,1712779906000,30.14,1904,14.144
2329,1712779907000,31.242,1904,3366.88
2330,1712779908000,30.148,1904,308.576
2331,1712779909000,31.223,1904,3174.944
2332,1712779910000,30.156,1904,310.136
2332,1712779910500,30.156,3886,310.136
2333,1712779911000,31.096,3886,2477.584
2334,1712779912000,30.299,3886,462.144
2334,1712779912500,30.299,3886,462.144
2335,1712779913000,29.239,3886,1413.16
2336,1712779914000,30.168,3886,244.216
2337,1712779915000,29.113,3886,735.328
2338,1712779916000,30.316,3886,11.648
2339,1712779917000,29.253,3886,790.112
2340,1712779918000,30.139,3886,14.376
2341,1712779919000,31.124,3886,966.616
2342,1712779920000,30.327,3886,12.384
2343,1712779921000,31.228,3886,908.864
2344,1712779922000,30.206,3886,148.44
2345,1712779923000,31.137,3886,312.608
2346,1712779924000,30.339,3886,12.32
2347,1712779925000,31.182,3886,723.52
2348,1712779926000,30.216,3886,10.304
2349,1712779927000,31.149,3886,649.24
2350,1712779928000,30.096,3886,17.704
2351,1712779929000,31.162,3886,538.088
2352,1712779930000,30.227,3886,12.624
2353,1712779931000,31.173,3886,736.856
2354,1712779932000,30.104,3886,14.128
2355,1712779933000,31.307,3886,395.44
2356,1712779934000,30.252,3886,285.464
2357,1712779935000,31.183,3886,463.616
2358,1712779936000,30.129,3886,319.256
2359,1712779937000,31.135,3886,737.912
2360,1712779938000,30.157,3886,14.696
2361,1712779939000,29.21,3886,747.376
2362,1712779940000,30.138,3886,16.568
2363,1712779941000,31.097,3886,1196.944
2364,1712779942000,30.285,3886,254.264
2365,1712779943000,31.213,3886,1138.984
2366,1712779944000,30.158,3886,953.88
2367,1712779945000,31.087,3886,1923.728
2368,1712779946000,30.303,3886,943.24
2369,1712779947000,29.233,3886,1722.416
2370,1712779948000,30.159,3886,1121.112
2371,1712779949000,29.111,3886,2100.496
2372,1712779950000,30.317,3886,1312.624
2373,1712779951000,29.253,3886,891.896
2374,1712779952000,30.191,3886,1766.32
2375,1712779953000,29.132,3886,1658.784
2376,1712779954000,30.328,3886,1206.784
2377,1712779955000,29.259,3886,1087.312
2378,1712779956000,28.203,3886,1340.0
2379,1712779957000,29.14,3886,1250.712
2380,1712779958000,30.106,3886,1152.0
2381,1712779959000,29.278,3886,1078.472
2382,1712779960000,28.217,3886,988.208
2383,1712779961000,29.159,3886,899.784
2384,1712779962000,28.365,3886,837.568
2385,1712779963000,29.302,3886,777.376
2386,1712779964000,28.232,3886,701.392
2387,1712779965000,27.172,3886,645.312
2388,1712779966000,28.114,3886,606.632
2389,1712779967000,27.317,3886,376.536
2390,1712779968000,26.149,3886,128.608
2391,1712779969000,27.092,3886,12.8
2391,1712779969500,27.092,142,12.8
2392,1712779970000,26.129,142,11.648
2393,1712779971000,27.27,142,13.136
2394,1712779972000,26.274,142,10.432
2395,1712779973000,25.206,142,15.928
2396,1712779974000,24.137,142,13.632
2397,1712779975000,23.34,142,15.032
2398,1712779976000,22.287,142,13.008
2399,1712779977000,21.219,142,16.08
2400,1712779978000,20.149,142,68.112
2401,1712779979000,19.098,142,176.24
2402,1712779980000,18.302,142,358.272
2403,1712779981000,17.234,142,399.168
2404,1712779982000,16.181,142,162.52
2405,1712779983000,17.109,142,443.44
2406,1712779984000,16.145,142,136.104
2407,1712779985000,17.255,142,488.64
2408,1712779986000,16.188,142,137.824
2409,1712779987000,17.134,142,506.592
2410,1712779988000,16.134,142,169.44
2411,1712779989000,17.268,142,1081.536
2412,1712779990000,16.199,142,1168.824
2413,1712779991000,17.142,142,1266.824
2414,1712779992000,16.342,142,1364.592
2414,1712779992500,16.342,647,1364.592
2415,1712779993000,17.287,647,1443.712
2416,1712779994000,16.227,647,1564.192
2417,1712779995000,17.129,647,1674.88
2418,1712779996000,16.093,647,1774.64
2418,1712779996500,16.093,647,1774.64
2419,1712779997000,15.293,647,1870.928
2420,1712779998000,16.154,647,2010.632
2421,1712779999000,15.179,647,2105.896
2422,1712780000000,16.118,647,2098.008
2423,1712780001000,17.318,647,1166.48
2424,1712780002000,16.257,647,1180.656
2425,1712780003000,17.183,647,318.248
2426,1712780004000,20.134,1093,14.128
2427,1712780005000,25.322,1093,14.0
2428,1712780006000,28.271,1093,11.648
2429,1712780007000,28.998,1093,12.848
2430,1712780008000,27.942,1093,12.824
2431,1712780009000,27.144,1093,14.656
2432,1712780010000,26.076,1093,10.976
2432,1712780010500,26.076,1093,10.976
2433,1712780011000,25.008,1093,13.488
2434,1712780012000,23.955,1093,28.264
2435,1712780013000,22.887,1093,15.28
2436,1712780014000,22.089,1093,15.088
2437,1712780015000,21.021,1093,16.872
2438,1712780016000,19.967,1093,12.576
2439,1712780017000,18.899,1093,13.64
2440,1712780018000,18.101,1093,52.264
2441,1712780019000,17.047,1093,12.176
2442,1712780020000,15.979,1093,10.976
2443,1712780021000,14.927,1093,16.096
2444,1712780022000,14.115,1093,11.648
2445,1712780023000,13.062,1093,13.408
2446,1712780024000,11.993,1093,10.976
2447,1712780025000,10.939,1093,13.056
2448,1712780026000,10.141,1093,13.64
2448,1712780026500,10.141,1093,13.64
2449,1712780027000,9.072,1093,14.592
2450,1712780028000,8.019,1093,12.576
2451,1712780029000,6.951,1093,12.464
2452,1712780030000,6.153,1093,10.976
2453,1712780031000,5.085,1093,12.0
2454,1712780032000,4.033,1093,12.576
2455,1712780033000,2.964,1093,308.92
2456,1712780034000,1.91,1093,11.696
2457,1712780035000,1.113,1093,82.864
2458,1712780036000,0.044,1093,12.128
2459,1712780037000,0.0,1093,2300.424
2461,1712780039000,0.0,1093,4806.392
2464,1712780042000,3.55,1093,4725.184
2464,1712780042500,3.55,1904,4725.184
2465,1712780043000,8.481,1904,4362.776
2522,1712780100500,0.0,647,517.696
2523,1712780101500,0.0,142,546.44
2524,1712780102000,2.0,142,592.984
2525,1712780103000,3.15,142,662.656
2526,1712780104000,4.086,142,708.84
2527,1712780105000,5.168,142,783.312
2528,1712780106000,6.082,142,851.408
2529,1712780107000,9.167,142,539.624
2530,1712780108000,8.103,142,828.24
2531,1712780109000,11.07,142,1084.152
2532,1712780110000,14.093,142,1175.864
2533,1712780111000,17.171,142,1262.032
2534,1712780112000,16.117,647,1360.832
2535,1712780113000,17.316,647,1463.784
2536,1712780114000,16.08,647,1550.576
2537,1712780115000,15.19,647,1674.832
2538,1712780116000,16.132,647,1757.04
2539,1712780117000,15.068,647,1889.32
2540,1712780118000,16.267,647,1970.84
2541,1712780119000,15.207,647,2112.36
2542,1712780120000,16.151,647,2199.584
2543,1712780121000,17.08,647,2323.784
2544,1712780122000,18.287,647,2475.48
2545,1712780123000,19.16,647,2542.264
2546,1712780124000,18.165,647,2651.528
2547,1712780125000,19.102,1093,2799.24
2548,1712780126000,20.307,1093,2921.432
2549,1712780127000,21.086,1093,3007.648
2550,1712780128000,20.178,1093,3155.056
2551,1712780129000,21.114,1093,3289.576
2552,1712780130000,24.173,1904,3348.632
2553,1712780131000,25.089,1904,3454.096
2554,1712780132000,26.091,1904,3639.976
2555,1712780133000,25.135,1904,3668.952
2556,1712780134000,26.072,1904,3796.656
2557,1712780135000,25.276,1904,3869.864
2558,1712780136000,26.21,1904,3161.136
2559,1712780137000,27.152,1904,3234.616
2560,1712780138000,26.088,1904,775.176
2561,1712780139000,27.183,1904,3033.384
2562,1712780140000,28.107,1904,1001.584
2563,1712780141000,29.159,1904,1697.672
2564,1712780142000,30.099,1904,14.304
2565,1712780143000,29.308,1904,2422.8
2566,1712780144000,30.243,1904,739.944
2567,1712780145000,31.185,1904,2674.92
2568,1712780146000,30.112,1904,11.984
2569,1712780147000,29.327,1904,4599.36
2570,1712780148000,30.256,1904,1255.536
2571,1712780149000,31.191,1904,3835.952
2572,1712780150000,30.136,1904,4917.528
2572,1712780150500,30.136,3886,4917.528
2573,1712780151000,29.073,3886,4965.632
2574,1712780152000,30.08,3886,2977.224
2575,1712780153000,29.212,3886,4523.376
2576,1712780154000,28.146,3886,4914.104
2577,1712780155000,29.092,3886,5006.104
2578,1712780156000,30.118,3886,4948.688
2579,1712780157000,29.219,3886,4988.592
2580,1712780158000,28.149,3886,2311.12
2581,1712780159000,29.089,3886,4256.368
2582,1712780160000,28.145,3886,4811.672
2583,1712780161000,29.225,3886,4854.088
2584,1712780162000,30.078,3886,4715.168
2585,1712780163000,29.098,3886,4753.888
2586,1712780164000,28.308,3886,4625.552
2587,1712780165000,29.246,3886,4630.832
2588,1712780166000,28.183,3886,4572.4
2589,1712780167000,29.121,3886,4289.768
2590,1712780168000,28.323,3886,4404.728
2591,1712780169000,29.262,3886,4333.784
2592,1712780170000,28.149,3886,4201.968
2593,1712780171000,29.135,1904,4150.016
2594,1712780172000,28.074,1904,4058.048
2595,1712780173000,27.277,1904,3901.696
2596,1712780174000,26.214,1904,3779.96
2597,1712780175000,27.152,1904,3748.312
2598,1712780176000,26.091,1904,3581.256
2599,1712780177000,27.231,1904,3522.504
2600,1712780178000,26.23,1904,3371.024
2601,1712780179000,27.167,1904,3302.432
2602,1712780180000,26.101,1904,3116.72
2603,1712780181000,27.279,1904,3064.976
2604,1712780182000,28.245,1904,2939.424
2605,1712780183000,27.184,1904,2820.248
2606,1712780184000,28.124,1904,2652.416
2607,1712780185000,27.323,1904,2577.104
2608,1712780186000,26.26,1904,2461.088
2609,1712780187000,25.203,1904,2340.272
2610,1712780188000,26.091,1904,2225.672
2611,1712780189000,25.073,1904,2105.848
2612,1712780190000,24.144,1904,1980.288
2613,1712780191000,23.207,1904,1839.592
2614,1712780192000,22.157,1904,1765.248
2615,1712780193000,21.089,1904,1651.632
2616,1712780194000,20.286,1904,1554.976
2616,1712780194500,20.286,1093,1554.976
2617,1712780195000,21.232,1093,1442.336
2618,1712780196000,20.137,1093,1353.504
2619,1712780197000,19.106,1093,1224.32
2620,1712780198000,18.303,1093,1153.568
2621,1712780199000,17.244,1093,1070.272
2622,1712780200000,16.147,1093,995.296
2622,1712780200500,16.147,647,995.296
2623,1712780201000,17.118,647,910.992
2624,1712780202000,16.315,647,826.528
2625,1712780203000,15.256,647,778.64
2626,1712780204000,14.193,647,696.632
2627,1712780205000,13.137,647,645.336
2628,1712780206000,12.339,647,606.48
2629,1712780207000,11.281,647,543.888
2630,1712780208000,10.204,647,518.384
2630,1712780208500,10.204,142,518.384
2631,1712780209000,11.148,142,468.336
2632,1712780210000,10.078,142,449.088
2633,1712780211000,11.214,142,432.672
2634,1712780212000,10.223,142,407.816
2635,1712780213000,11.17,142,413.216
2636,1712780214000,10.1,142,395.672
2637,1712780215000,11.298,142,410.512
2638,1712780216000,12.113,142,408.064
2639,1712780217000,11.179,142,438.0
2640,1712780218000,10.122,142,441.616
2641,1712780219000,11.312,142,482.296
2642,1712780220000,10.136,142,524.288
2643,1712780221000,11.142,142,557.632
2644,1712780222000,10.135,142,600.824
2645,1712780223000,9.334,142,659.184
2646,1712780224000,10.279,142,709.032
2647,1712780225000,9.219,142,777.064
2648,1712780226000,10.15,142,855.28
2649,1712780227000,11.09,142,913.032
2650,1712780228000,12.117,142,996.232
2651,1712780229000,13.232,142,1084.112
2652,1712780230000,14.15,142,1149.288
2653,1712780231000,15.113,142,707.352
2654,1712780232000,14.297,142,91.832
2655,1712780233000,17.172,142,335.736
2656,1712780234000,16.184,142,440.376
2657,1712780235000,17.108,142,1663.576
2658,1712780236000,16.328,142,1760.72
2659,1712780237000,17.253,142,1823.528
2660,1712780238000,16.205,647,1910.008
2661,1712780239000,19.086,647,2118.296
2662,1712780240000,22.075,647,1118.896
2662,1712780240500,22.075,1093,1118.896
2663,1712780241000,27.137,1093,318.176
2664,1712780242000,28.219,1093,1159.536
2665,1712780243000,29.091,1093,14.792
2666,1712780244000,28.088,1093,1294.288
2667,1712780245000,29.292,1093,349.672
2668,1712780246000,28.226,1093,1773.944
2669,1712780247000,29.165,1093,3061.224
2670,1712780248000,28.097,1093,3167.68
2671,1712780249000,29.31,1093,3256.48
2672,1712780250000,28.152,1904,3408.368
2673,1712780251000,29.185,1904,3439.344
2674,1712780252000,28.123,1904,2394.568
2675,1712780253000,29.316,1904,2957.704
2676,1712780254000,28.266,1904,329.664
2677,1712780255000,29.208,1904,2347.096
2678,1712780256000,28.139,1904,336.28
2679,1712780257000,29.077,1904,2701.288
2680,1712780258000,30.286,1904,15.384
2681,1712780259000,29.218,1904,1709.848
2682,1712780260000,30.118,1904,153.864
2683,1712780261000,31.089,1904,1362.44
2684,1712780262000,30.287,1904,14.672
2685,1712780263000,31.175,1904,1949.384
2686,1712780264000,30.163,1904,13.168
2687,1712780265000,31.11,1904,2037.552
2688,1712780266000,30.312,1904,12.32
2689,1712780267000,31.078,1904,3930.32
2690,1712780268000,30.178,1904,740.016
2691,1712780269000,31.121,1904,3879.192
2692,1712780270000,30.137,1904,43.84
2692,1712780270500,30.137,3886,43.84
2693,1712780271000,29.27,3886,3664.888
2694,1712780272000,30.117,3886,1253.824
2695,1712780273000,29.14,3886,3916.616
2696,1712780274000,30.344,3886,541.24
2697,1712780275000,29.284,3886,4397.536
2698,1712780276000,30.21,3886,454.128
2699,1712780277000,29.157,3886,4762.128
2700,1712780278000,30.1,3886,327.4
2701,1712780279000,29.297,3886,4772.768
2702,1712780280000,30.137,3886,557.088
2703,1712780281000,29.178,3886,4137.784
2704,1712780282000,30.104,3886,563.184
2705,1712780283000,29.311,3886,2767.136
2706,1712780284000,30.148,3886,11.904
2707,1712780285000,29.187,3886,3446.936
2708,1712780286000,30.125,3886,1253.16
2709,1712780287000,31.204,3886,2529.248
2710,1712780288000,30.259,3886,15.048
2711,1712780289000,29.206,3886,3662.32
2712,1712780290000,30.141,3886,12.656
2713,1712780291000,31.078,3886,2726.176
2714,1712780292000,30.28,3886,1016.568
2715,1712780293000,29.216,3886,2710.944
2716,1712780294000,30.162,3886,689.304
2717,1712780295000,29.095,3886,3303.216
2718,1712780296000,30.147,3886,313.176
2719,1712780297000,29.232,3886,2025.904
2720,1712780298000,30.166,3886,3398.928
2721,1712780299000,29.102,3886,3294.736
2722,1712780300000,30.153,3886,1510.4
2723,1712780301000,29.251,3886,1888.16
2724,1712780302000,28.193,3886,2938.8
2725,1712780303000,29.114,3886,2797.216
2726,1712780304000,30.188,3886,2651.128
2727,1712780305000,29.255,3886,2581.712
2728,1712780306000,28.206,3886,2410.304
2729,1712780307000,29.148,3886,2342.752
2730,1712780308000,28.08,3886,1628.72
2731,1712780309000,29.288,3886,2106.024
2732,1712780310000,28.141,3886,1142.056
2733,1712780311000,29.149,3886,1869.632
2734,1712780312000,28.091,3886,1773.24
2735,1712780313000,29.288,3886,1652.496
2736,1712780314000,30.108,3886,1546.52
2737,1712780315000,29.17,3886,1411.744
2738,1712780316000,28.116,3886,1353.256
2739,1712780317000,29.318,3886,877.448
2740,1712780318000,28.256,3886,908.44
2741,1712780319000,27.177,3886,544.072
2741,1712780319500,27.177,647,544.072
2742,1712780320000,28.124,647,633.888
2743,1712780321000,29.147,647,631.176
2744,1712780322000,28.266,647,12.32
2745,1712780323000,29.193,647,12.944
2746,1712780324000,28.143,647,10.304
2747,1712780325000,29.081,647,325.472
2748,1712780326000,28.281,647,590.4
2749,1712780327000,27.216,647,464.064
2750,1712780328000,26.163,647,517.248
2751,1712780329000,25.089,647,454.4
2752,1712780330000,24.099,647,455.12
2753,1712780331000,25.236,647,427.176
2754,1712780332000,24.169,647,407.984
2755,1712780333000,25.112,647,405.816
2756,1712780334000,24.312,647,402.184
2757,1712780335000,23.256,647,401.024
2758,1712780336000,24.187,647,415.592
2759,1712780337000,23.131,647,435.4
2760,1712780338000,24.327,647,446.704
2761,1712780339000,23.271,647,487.312
2762,1712780340000,24.147,647,510.288
2763,1712780341000,23.132,647,556.944
2764,1712780342000,22.317,647,591.704
2765,1712780343000,23.273,647,664.0
2766,1712780344000,24.21,647,707.64
2767,1712780345000,23.141,647,778.144
2768,1712780346000,22.076,647,846.432
2769,1712780347000,23.279,647,928.272
2770,1712780348000,24.228,647,834.024
2771,1712780349000,23.151,647,792.568
2772,1712780350000,24.094,647,470.144
2773,1712780351000,25.3,647,633.416
2774,1712780352000,24.229,647,324.992
2775,1712780353000,25.175,647,727.392
2776,1712780354000,26.116,647,854.672
2777,1712780355000,25.317,647,846.272
2778,1712780356000,26.243,647,1758.112
2779,1712780357000,25.194,647,1867.464
2780,1712780358000,26.128,647,1675.712
2781,1712780359000,25.318,647,459.144
2781,1712780359500,25.318,1093,459.144
2782,1712780360000,26.153,1093,892.232
2783,1712780361000,27.207,1093,306.752
2784,1712780362000,28.141,1093,1013.944
2785,1712780363000,29.34,1093,317.552
2786,1712780364000,28.282,1093,1516.496
2787,1712780365000,29.211,1093,316.272
2788,1712780366000,28.161,1093,1815.944
2789,1712780367000,29.085,1093,3057.952
2790,1712780368000,28.293,1093,870.784
2791,1712780369000,29.234,1093,2487.2
2792,1712780370000,28.128,1904,389.088
2793,1712780371000,29.107,1904,2852.4
2794,1712780372000,30.313,1904,29.104
2795,1712780373000,29.253,1904,2606.392
2796,1712780374000,30.173,1904,335.208
2797,1712780375000,29.13,1904,3142.472
2798,1712780376000,30.324,1904,352.672
2799,1712780377000,29.27,1904,2786.688
2800,1712780378000,30.205,1904,4210.184
2801,1712780379000,29.144,1904,4327.472
2802,1712780380000,30.086,1904,3213.048
2803,1712780381000,29.283,1904,3734.68
2804,1712780382000,28.219,1904,4564.84
2805,1712780383000,29.13,1904,4581.0
2806,1712780384000,28.099,1904,4697.92
2807,1712780385000,29.305,1904,4710.256
2808,1712780386000,28.238,1904,4797.024
2809,1712780387000,29.172,1904,4755.616
2810,1712780388000,28.11,1904,4729.152
2811,1712780389000,29.307,1904,2806.208
2812,1712780390000,28.153,1904,4.032
2813,1712780391000,27.197,1904,3620.208
2814,1712780392000,28.128,3886,10.432
2815,1712780393000,31.199,3886,3770.672
2816,1712780394000,30.257,3886,1568.28
2817,1712780395000,29.212,3886,5007.6
2818,1712780396000,30.15,3886,4994.096
2819,1712780397000,29.086,3886,4930.4
2820,1712780398000,30.286,3886,4786.104
2821,1712780399000,29.22,3886,3940.808
2822,1712780400000,28.148,3886,4895.792
2823,1712780401000,29.094,3886,4754.224
2824,1712780402000,28.301,3886,4811.936
2825,1712780403000,29.239,3886,4696.112
2826,1712780404000,28.177,3886,4702.704
2827,1712780405000,29.099,3886,4573.448
2828,1712780406000,28.315,3886,2604.288
2829,1712780407000,27.252,3886,4385.48
2830,1712780408000,28.189,3886,2462.76
2831,1712780409000,29.12,3886,4339.744
2832,1712780410000,30.156,3886,4245.152
2833,1712780411000,29.271,3886,4071.888
2834,1712780412000,30.213,3886,4061.472
2835,1712780413000,29.15,3886,3920.168
2836,1712780414000,28.089,3886,3853.384
2837,1712780415000,29.29,3886,3678.704
2838,1712780416000,28.227,3886,3632.248
2839,1712780417000,29.116,3886,3498.264
2840,1712780418000,28.097,3886,3414.544
2841,1712780419000,27.3,3886,3298.416
2842,1712780420000,28.157,3886,3140.064
2843,1712780421000,27.174,3886,3028.456
2844,1712780422000,28.111,3886,2885.736
2845,1712780423000,27.317,3886,2773.152
2846,1712780424000,28.255,3886,2616.688
2846,1712780424500,28.255,1904,2616.688
2847,1712780425000,27.192,1904,1981.24
2848,1712780426000,26.13,1904,1006.824
2849,1712780427000,27.329,1904,1645.568
2850,1712780428000,28.267,1904,478.712
2851,1712780429000,29.209,1904,1317.576
2852,1712780430000,30.147,1904,233.824
2853,1712780431000,29.087,1904,1481.456
2854,1712780432000,30.287,1904,402.984
2855,1712780433000,29.22,1904,1547.352
2856,1712780434000,30.157,1904,474.072
2857,1712780435000,29.09,1904,1284.912
2858,1712780436000,30.303,1904,733.104
2859,1712780437000,29.235,1904,868.32
2860,1712780438000,30.18,1904,1160.552
2861,1712780439000,29.11,1904,1062.88
2862,1712780440000,30.154,1904,998.128
2863,1712780441000,29.252,1904,900.368
2864,1712780442000,28.193,1904,839.152
2865,1712780443000,29.128,1904,776.832
2866,1712780444000,28.327,1904,706.776
2867,1712780445000,27.267,1904,636.24
2868,1712780446000,28.107,1904,601.936
2869,1712780447000,27.15,1904,545.296
2870,1712780448000,26.353,1904,516.28
2871,1712780449000,25.293,1904,476.128
2872,1712780450000,26.154,1904,445.352
2873,1712780451000,25.166,1904,433.44
2874,1712780452000,26.096,1904,407.16
2874,1712780452500,26.096,142,407.16
2875,1712780453000,25.294,142,325.352
2876,1712780454000,24.241,142,13.768
2877,1712780455000,25.178,142,12.8
2878,1712780456000,24.105,142,14.32
2879,1712780457000,25.312,142,12.128
2880,1712780458000,24.257,142,13.664
2881,1712780459000,23.182,142,16.872
2882,1712780460000,22.135,142,15.392
2883,1712780461000,21.338,142,32.496
2884,1712780462000,20.271,142,194.72
2885,1712780463000,19.202,142,443.072
2886,1712780464000,18.149,142,298.08
2887,1712780465000,17.346,142,533.128
2888,1712780466000,16.277,142,289.752
2889,1712780467000,17.228,142,367.024
2890,1712780468000,16.157,142,335.976
2891,1712780469000,17.095,142,1084.248
2892,1712780470000,16.148,142,1168.608
2893,1712780471000,17.242,142,1242.912
2894,1712780472000,16.176,142,1360.952
2894,1712780472500,16.176,647,1360.952
2895,1712780473000,17.12,647,1454.08
2896,1712780474000,16.315,647,1551.928
2897,1712780475000,17.263,647,1330.368
2898,1712780476000,16.188,647,1753.512
2899,1712780477000,17.133,647,1851.976
2900,1712780478000,18.342,647,2012.04
2901,1712780479000,19.27,647,2113.712
2902,1712780480000,20.134,647,2234.656
2903,1712780481000,21.104,1093,2315.064
2904,1712780482000,20.085,1093,2437.088
2905,1712780483000,21.289,1093,2553.328
2906,1712780484000,20.226,1093,2671.184
2907,1712780485000,21.16,1093,2764.984
2908,1712780486000,22.107,1093,2939.272
2909,1712780487000,23.095,1093,2998.104
2910,1712780488000,22.242,1093,3157.568
2911,1712780489000,23.173,1904,3295.608
2912,1712780490000,24.124,1904,3336.712
2913,1712780491000,25.298,1904,3522.064
2914,1712780492000,24.253,1904,3562.392
2915,1712780493000,25.192,1904,2810.488
2916,1712780494000,26.132,1904,3774.576
2917,1712780495000,25.336,1904,3909.688
2918,1712780496000,26.268,1904,1080.8
2919,1712780497000,25.216,1904,2726.648
2920,1712780498000,26.149,1904,16.392
2921,1712780499000,29.088,1904,2924.728
2922,1712780500000,30.151,1904,2472.816
2923,1712780501000,29.232,1904,2738.848
2924,1712780502000,30.158,1904,14.176
2925,1712780503000,29.104,1904,3669.864
2926,1712780504000,30.301,1904,318.272
2927,1712780505000,31.167,1904,2847.536
2928,1712780506000,30.175,1904,1220.336
2929,1712780507000,29.122,1904,3716.048
2930,1712780508000,30.306,1904,4897.056
2931,1712780509000,29.253,1904,4875.456
2932,1712780510000,30.15,1904,4911.472
2932,1712780510500,30.15,3886,4911.472
2933,1712780511000,29.137,3886,4946.376
2934,1712780512000,28.342,3886,4905.576
2935,1712780513000,29.28,3886,4995.056
2936,1712780514000,28.218,3886,5009.4
2937,1712780515000,29.153,3886,4907.8
2938,1712780516000,28.085,3886,4995.696
2939,1712780517000,29.28,3886,4886.48
2940,1712780518000,28.227,3886,4956.968
2941,1712780519000,29.15,3886,4825.08
2942,1712780520000,28.1,3886,4889.312
2943,1712780521000,29.1,3886,4759.768
2944,1712780522000,28.244,3886,4715.736
2945,1712780523000,27.183,3886,4750.856
2946,1712780524000,28.107,3886,996.248
2947,1712780525000,29.108,3886,3857.768
2948,1712780526000,28.259,3886,4565.6
2949,1712780527000,29.202,3886,4418.576
2950,1712780528000,30.121,3886,4408.712
2951,1712780529000,29.343,3886,3030.496
2952,1712780530000,28.159,3886,4249.136
2953,1712780531000,29.218,3886,4147.072
2954,1712780532000,28.153,3886,4023.368
2955,1712780533000,27.084,3886,3884.328
2956,1712780534000,28.285,3886,3862.976
2957,1712780535000,27.23,3886,3704.288
2958,1712780536000,28.171,3886,3642.496
2959,1712780537000,27.1,3886,3457.352
2960,1712780538000,28.305,3886,3409.264
2961,1712780539000,29.249,3886,3300.064
2962,1712780540000,28.16,3886,3179.24
2963,1712780541000,27.125,3886,3020.272
2964,1712780542000,28.11,3886,2943.92
2965,1712780543000,27.266,3886,2817.616
2966,1712780544000,26.203,3886,2628.264
2967,1712780545000,27.136,3886,2584.064
2968,1712780546000,26.34,3886,2433.904
2969,1712780547000,25.274,3886,2348.168
2970,1712780548000,26.213,1904,2196.928
2971,1712780549000,25.146,1904,2082.112
2972,1712780550000,26.089,1904,1971.256
2973,1712780551000,25.088,1904,1834.56
2974,1712780552000,26.23,1904,1766.704
2975,1712780553000,25.159,1904,1652.68
2976,1712780554000,26.101,1904,1533.552
2977,1712780555000,27.109,1904,1437.272
2978,1712780556000,26.239,1904,1338.712
2979,1712780557000,25.187,1904,1247.44
2980,1712780558000,24.125,1904,1159.608
2981,1712780559000,25.328,1093,1072.336
2982,1712780560000,24.16,1093,986.568
2983,1712780561000,23.197,1093,913.592
2984,1712780562000,22.135,1093,831.464
2985,1712780563000,21.338,1093,777.712
2986,1712780564000,20.276,1093,701.344
2987,1712780565000,21.204,647,647.12
2988,1712780566000,20.146,647,604.224
2989,1712780567000,19.093,647,540.576
2990,1712780568000,18.294,647,520.136
2991,1712780569000,19.23,647,471.424
2992,1712780570000,18.157,647,312.448
2993,1712780571000,17.108,647,427.696
2994,1712780572000,16.302,647,419.616
2995,1712780573000,17.25,142,395.744
2996,1712780574000,16.173,142,406.712
2997,1712780575000,15.125,142,404.664
2998,1712780576000,16.089,142,410.616
2999,1712780577000,15.254,142,420.648
3000,1712780578000,16.144,142,143.16
3001,1712780579000,15.133,142,479.424
3002,1712780580000,14.159,142,256.664
3003,1712780581000,15.272,142,553.984
3004,1712780582000,16.203,142,272.336
3005,1712780583000,15.146,142,649.84
3006,1712780584000,16.289,142,711.4
3007,1712780585000,15.284,142,781.432
3008,1712780586000,16.232,142,852.416
3009,1712780587000,15.154,142,845.688
3010,1712780588000,16.103,142,338.96
3011,1712780589000,15.303,142,650.424
3012,1712780590000,16.152,142,385.976
3013,1712780591000,17.17,142,536.104
3014,1712780592000,16.12,142,444.224
3015,1712780593000,17.159,142,1449.8
3016,1712780594000,16.261,142,1544.576
3017,1712780595000,17.191,142,1665.168
3018,1712780596000,16.132,142,1758.608
3018,1712780596500,16.132,647,1758.608
3019,1712780597000,17.339,647,1858.896
3020,1712780598000,16.278,647,2001.544
3021,1712780599000,17.204,647,2089.512
3022,1712780600000,18.155,647,2206.184
3023,1712780601000,19.084,647,2358.288
3024,1712780602000,18.297,647,2472.576
3025,1712780603000,19.227,1093,2596.472
3026,1712780604000,20.169,1093,2623.736
3027,1712780605000,21.106,1093,2805.56
3028,1712780606000,20.302,1093,2768.432
3029,1712780607000,21.247,1093,3058.464
3030,1712780608000,22.19,1904,3121.952
3031,1712780609000,23.127,1904,3221.008
3032,1712780610000,24.164,1904,2019.784
3033,1712780611000,25.269,1904,2245.904
3034,1712780612000,26.206,1904,12.784
3035,1712780613000,27.134,1904,2098.696
3036,1712780614000,30.105,1904,11.856
3037,1712780615000,31.139,1904,1794.96
3038,1712780616000,30.207,1904,12.112
3039,1712780617000,31.124,1904,1913.072
3040,1712780618000,30.083,1904,179.768
3041,1712780619000,31.206,1904,1834.808
3042,1712780620000,30.151,1904,483.392
3043,1712780621000,31.161,1904,1571.584
3044,1712780622000,30.1,1904,12.784
3045,1712780623000,31.301,1904,2062.016
3046,1712780624000,30.247,1904,48.752
3047,1712780625000,31.176,1904,2044.224
3048,1712780626000,30.119,1904,15.304
3049,1712780627000,29.322,1904,3584.792
3050,1712780628000,30.256,1904,92.728
3051,1712780629000,31.11,1904,3044.208
3052,1712780630000,30.137,1904,436.536
3052,1712780630500,30.137,3886,436.536
3053,1712780631000,29.342,3886,2925.296
3054,1712780632000,30.272,3886,11.104
3055,1712780633000,29.221,3886,1637.272
3056,1712780634000,30.147,3886,290.552
3057,1712780635000,31.096,3886,457.928
3058,1712780636000,30.288,3886,13.336
3059,1712780637000,31.232,3886,781.872
3060,1712780638000,30.17,3886,12.152
3061,1712780639000,31.1,3886,956.984
3062,1712780640000,30.163,3886,10.304
3063,1712780641000,31.242,3886,890.328
3064,1712780642000,30.174,3886,13.312
3065,1712780643000,31.12,3886,439.456
3066,1712780644000,30.323,3886,11.184
3067,1712780645000,31.192,3886,719.992
3068,1712780646000,30.201,3886,9.088
3069,1712780647000,31.13,3886,651.928
3070,1712780648000,30.331,3886,12.52
3071,1712780649000,31.207,3886,534.984
3072,1712780650000,30.117,3886,152.016
3073,1712780651000,31.153,3886,596.088
3074,1712780652000,30.09,3886,15.416
3075,1712780653000,31.211,3886,666.416
3076,1712780654000,30.233,3886,11.104
3077,1712780655000,31.162,3886,771.464
3078,1712780656000,30.109,3886,214.336
3079,1712780657000,31.21,3886,541.688
3080,1712780658000,30.242,3886,17.64
3081,1712780659000,31.174,3886,737.688
3082,1712780660000,30.119,3886,11.184
3083,1712780661000,31.327,3886,1460.84
3084,1712780662000,30.257,3886,13.536
3085,1712780663000,31.197,3886,2028.56
3086,1712780664000,30.131,3886,63.136
3087,1712780665000,29.342,3886,1686.896
3088,1712780666000,30.273,3886,1187.864
3089,1712780667000,29.222,3886,1434.976
3090,1712780668000,30.145,3886,1663.192
3091,1712780669000,29.095,3886,1859.952
3092,1712780670000,30.139,3886,1248.776
3093,1712780671000,29.235,3886,1872.544
3094,1712780672000,30.106,3886,1236.576
3095,1712780673000,29.109,3886,1609.736
3096,1712780674000,30.158,3886,861.424
3097,1712780675000,29.246,3886,1456.112
3098,1712780676000,30.193,3886,1320.184
3099,1712780677000,29.128,3886,1257.352
3100,1712780678000,28.316,3886,1162.816
3101,1712780679000,29.261,3886,1051.496
3102,1712780680000,28.156,3886,987.328
3103,1712780681000,29.13,3886,910.792
3104,1712780682000,28.332,3886,839.936
3105,1712780683000,29.28,3886,764.608
3106,1712780684000,28.217,3886,714.728
3107,1712780685000,29.114,3886,639.968
3108,1712780686000,28.089,3886,450.384
3109,1712780687000,27.297,3886,320.992
3110,1712780688000,26.239,3886,11.152
3111,1712780689000,27.164,3886,14.304
3111,1712780689500,27.164,142,14.304
3112,1712780690000,26.109,142,11.104
3113,1712780691000,27.307,142,12.128
3114,1712780692000,26.247,142,11.024
3115,1712780693000,25.176,142,12.848
3116,1712780694000,24.128,142,14.312
3117,1712780695000,23.324,142,14.08
3118,1712780696000,22.262,142,11.648
3119,1712780697000,21.207,142,12.848
3120,1712780698000,20.134,142,154.336
3121,1712780699000,19.343,142,266.376
3122,1712780700000,18.162,142,257.8
3123,1712780701000,17.215,142,339.784
3124,1712780702000,16.152,142,180.72
3125,1712780703000,17.093,142,383.248
3126,1712780704000,16.297,142,236.856
3127,1712780705000,17.224,142,375.32
3128,1712780706000,16.169,142,273.92
3129,1712780707000,17.116,142,370.48
3130,1712780708000,16.3,142,335.904
3131,1712780709000,17.244,142,1074.24
3132,1712780710000,16.126,142,1179.912
3133,1712780711000,17.116,142,1228.816
3134,1712780712000,16.318,142,1353.328
3134,1712780712500,16.318,647,1353.328
3135,1712780713000,17.261,647,1458.784
3136,1712780714000,16.204,647,1562.144
3137,1712780715000,15.142,647,1655.36
3138,1712780716000,16.341,647,1775.824
3139,1712780717000,15.281,647,1879.36
3140,1712780718000,16.219,647,1980.768
3141,1712780719000,15.148,647,2116.48
3142,1712780720000,16.095,647,1981.568
3143,1712780721000,17.263,647,2074.752
3144,1712780722000,16.231,647,1046.952
3145,1712780723000,17.173,647,55.592
3146,1712780724000,22.095,1093,23.84
3147,1712780725000,27.224,1093,12.128
3148,1712780726000,28.197,1093,66.312
3149,1712780727000,28.974,1093,15.328
3150,1712780728000,27.911,1093,15.056
3151,1712780729000,27.109,1093,45.968
3152,1712780730000,26.056,1093,11.312
3153,1712780731000,24.988,1093,15.592
3154,1712780732000,23.921,1093,52.224
3155,1712780733000,23.138,1093,115.28
3156,1712780734000,22.069,1093,14.416
3157,1712780735000,21.0,1093,12.128
3158,1712780736000,19.948,1093,12.32
3159,1712780737000,18.882,1093,73.984
3160,1712780738000,18.09,1093,127.184
3161,1712780739000,17.022,1093,36.216
3162,1712780740000,15.963,1093,83.616
3163,1712780741000,14.896,1093,175.384
3164,1712780742000,14.095,1093,209.12
3165,1712780743000,13.047,1093,16.256
3166,1712780744000,11.976,1093,59.52
3167,1712780745000,10.919,1093,14.96
3168,1712780746000,10.12,1093,12.368
3169,1712780747000,9.054,1093,16.16
3170,1712780748000,7.991,1093,16.336
3171,1712780749000,6.926,1093,12.0
3172,1712780750000,5.903,1093,20.064
3173,1712780751000,5.073,1093,14.208
3174,1712780752000,4.007,1093,11.984
