Time,Throughput_kbps,,,
22,9.8125,,,0
22.10004765,0,,,0.100047651
22.2000953,0,,,0.200095303
22.30014295,0,,,0.300142954
22.40019061,0,,,0.400190605
22.50023826,0,,,0.500238256
22.60028591,0,,,0.600285908
22.70033356,0,,,0.700333559
22.80038121,0,,,0.80038121
22.90042886,0,,,0.900428861
23.00047651,0,,,1.000476513
23.10052416,54.6875,,,1.100524164
23.20057182,0,,,1.200571815
23.30061947,0,,,1.300619467
23.40066712,0,,,1.400667118
23.50071477,0,,,1.500714769
23.60076242,0,,,1.60076242
23.70081007,9.8125,,,1.700810072
23.80085772,0,,,1.800857723
23.90090537,0,,,1.900905374
24.00095303,0,,,2.000953026
24.10100068,0,,,2.101000677
24.20104833,0,,,2.201048328
24.30109598,0,,,2.301095979
24.40114363,0,,,2.401143631
24.50119128,0,,,2.501191282
24.60123893,0,,,2.601238933
24.70128658,0,,,2.701286584
24.80133424,0,,,2.801334236
24.90138189,0,,,2.901381887
25.00142954,0,,,3.001429538
25.10147719,0,,,3.10147719
25.20152484,0,,,3.201524841
25.30157249,0,,,3.301572492
25.40162014,0,,,3.401620143
25.50166779,0,,,3.501667795
25.60171545,0,,,3.601715446
25.7017631,0,,,3.701763097
25.80181075,0,,,3.801810748
25.9018584,0,,,3.9018584
26.00190605,0,,,4.001906051
26.1019537,0,,,4.101953702
26.20200135,0,,,4.202001354
26.302049,0,,,4.302049005
26.40209666,9.8125,,,4.402096656
26.50214431,0,,,4.502144307
26.60219196,0,,,4.602191959
26.70223961,0,,,4.70223961
26.80228726,0,,,4.802287261
26.90233491,61.375,,,4.902334913
27.00238256,0,,,5.002382564
27.10243022,0,,,5.102430215
27.20247787,0,,,5.202477866
27.30252552,0,,,5.302525518
27.40257317,0,,,5.402573169
27.50262082,0,,,5.50262082
27.60266847,0,,,5.602668471
27.70271612,0,,,5.702716123
27.80276377,0,,,5.802763774
27.90281143,0,,,5.902811425
28.00285908,0,,,6.002859077
28.10290673,0,,,6.102906728
28.20295438,0,,,6.202954379
28.30300203,0,,,6.30300203
28.40304968,0,,,6.403049682
28.50309733,231,,,6.503097333
28.60314498,1061.0625,,,6.603144984
28.70319264,0,,,6.703192635
28.80324029,0,,,6.803240287
28.90328794,89.75,,,6.903287938
29.00333559,199.0625,,,7.003335589
29.10338324,105.875,,,7.103383241
29.20343089,0,,,7.203430892
29.30347854,0,,,7.303478543
29.40352619,0,,,7.403526194
29.50357385,0,,,7.503573846
29.6036215,189.25,,,7.603621497
29.70366915,0,,,7.703669148
29.8037168,0,,,7.8037168
29.90376445,0,,,7.903764451
30.0038121,0,,,8.003812102
30.10385975,0,,,8.103859753
30.2039074,0,,,8.203907405
30.30395506,0,,,8.303955056
30.40400271,0,,,8.404002707
30.50405036,0,,,8.504050358
30.60409801,0,,,8.60409801
30.70414566,58,,,8.704145661
30.80419331,468.625,,,8.804193312
30.90424096,2502.5,,,8.904240964
31.00428861,2153.125,,,9.004288615
31.10433627,2082.0625,,,9.104336266
31.20438392,2672,,,9.204383917
31.30443157,3039.25,,,9.304431569
31.40447922,2118.875,,,9.40447922
31.50452687,3442.5625,,,9.504526871
31.60457452,3557.375,,,9.604574523
31.70462217,3481.875,,,9.704622174
31.80466983,3307.3125,,,9.804669825
31.90471748,3469.5,,,9.904717476
32.00476513,2963.75,,,10.00476513
32.10481278,2588.625,,,10.10481278
32.20486043,2388.125,,,10.20486043
32.30490808,2955.875,,,10.30490808
32.40495573,2766.625,,,10.40495573
32.50500338,2482.75,,,10.50500338
32.60505104,2388.125,,,10.60505104
32.70509869,2293.5,,,10.70509869
32.80514634,2944.625,,,10.80514634
32.90519399,3156.375,,,10.90519399
33.00524164,2672,,,11.00524164
33.10528929,1326.25,,,11.10528929
33.20533694,2170.1875,,,11.20533694
33.30538459,1913.5625,,,11.30538459
33.40543225,2293.5,,,11.40543225
33.5054799,3015.1875,,,11.5054799
33.60552755,3186.8125,,,11.60552755
33.7055752,2369.6875,,,11.7055752
33.80562285,1158,,,11.80562285
33.9056705,1441.875,,,11.9056705
34.00571815,2388.125,,,12.00571815
34.1057658,2305.0625,,,12.1057658
34.20581346,2002,,,12.20581346
34.30586111,2720.125,,,12.30586111
34.40590876,2577.375,,,12.40590876
34.50595641,2210.125,,,12.50595641
34.60600406,2198.875,,,12.60600406
34.70605171,2293.5,,,12.70605171
34.80609936,2293.5,,,12.80609936
34.90614701,2250.1875,,,12.90614701
35.00619467,2104.25,,,13.00619467
35.10624232,2766.625,,,13.10624232
35.20628997,3145.125,,,13.20628997
35.30633762,3429,,,13.30633762
35.40638527,2955.875,,,13.40638527
35.50643292,2293.5,,,13.50643292
35.60648057,3345.625,,,13.60648057
35.70652822,2577.375,,,13.70652822
35.80657588,1658.6875,,,13.80657588
35.90662353,2715.5625,,,13.90662353
36.00667118,2178.1875,,,14.00667118
36.10671883,2443.4375,,,14.10671883
36.20676648,2596.5,,,14.20676648
36.30681413,2198.875,,,14.30681413
36.40686178,2494,,,14.40686178
36.50690944,2248.875,,,14.50690944
36.60695709,1252.1875,,,14.60695709
36.70700474,2259.5,,,14.70700474
36.80705239,1220.125,,,14.80705239
36.90710004,1441.875,,,14.90710004
37.00714769,1241.375,,,15.00714769
37.10719534,1831.625,,,15.10719534
37.20724299,1998.375,,,15.20724299
37.30729065,2482.75,,,15.30729065
37.4073383,2399.375,,,15.4073383
37.50738595,2588.625,,,15.50738595
37.6074336,1998.375,,,15.6074336
37.70748125,1903.75,,,15.70748125
37.8075289,2210.125,,,15.8075289
37.90757655,2025.375,,,15.90757655
38.0076242,2282.25,,,16.0076242
38.10767186,2112.125,,,16.10767186
38.20771951,3145.125,,,16.20771951
38.30776716,2683.25,,,16.30776716
38.40781481,2790.875,,,16.40781481
38.50786246,2494,,,16.50786246
38.60791011,2187.625,,,16.60791011
38.70795776,1430.625,,,16.70795776
38.80800541,2609.6875,,,16.80800541
38.90805307,1960.125,,,16.90805307
39.00810072,2376.875,,,17.00810072
39.10814837,2304.75,,,17.10814837
39.20819602,2861.25,,,17.20819602
39.30824367,2672,,,17.30824367
39.40829132,2672,,,17.40829132
39.50833897,2577.375,,,17.50833897
39.60838662,2198.875,,,17.60838662
39.70843428,2112.125,,,17.70843428
39.80848193,1095.6875,,,17.80848193
39.90852958,1547.75,,,17.90852958
40.00857723,473.125,,,18.00857723
40.10862488,1759.5,,,18.10862488
40.20867253,1525.25,,,18.20867253
40.30872018,2221.375,,,18.30872018
40.40876783,2093,,,18.40876783
40.50881549,2131.75,,,18.50881549
40.60886314,1915,,,18.60886314
40.70891079,2198.875,,,18.70891079
40.80895844,1525.25,,,18.80895844
40.90900609,1767.875,,,18.90900609
41.00905374,692.75,,,19.00905374
41.10910139,1971.25,,,19.10910139
41.20914905,1234.6875,,,19.20914905
41.3091967,2020.875,,,19.3091967
41.40924435,2104.25,,,19.40924435
41.509292,874.125,,,19.509292
41.60933965,473.125,,,19.60933965
41.7093873,11.25,,,19.7093873
41.80943495,9.8125,,,19.80943495
41.9094826,1441.875,,,19.9094826
42.00953026,2198.875,,,20.00953026
42.10957791,2198.875,,,20.10957791
42.20962556,3902.125,,,20.20962556
42.30967321,4576,,,20.30967321
42.40972086,4292.125,,,20.40972086
42.50976851,3050.5,,,20.50976851
42.60981616,3239.75,,,20.60981616
42.70986381,2086.1875,,,20.70986381
42.80991147,1408.9375,,,20.80991147
42.90995912,1073.1875,,,20.90995912
43.01000677,495.625,,,21.01000677
43.11005442,189.25,,,21.11005442
43.21010207,683.4375,,,21.21010207
43.31014972,1252.625,,,21.31014972
43.41019737,1663.8125,,,21.41019737
43.51024502,1727.4375,,,21.51024502
43.61029268,1619.875,,,21.61029268
43.71034033,2017.5,,,21.71034033
43.81038798,2577.375,,,21.81038798
43.91043563,2293.5,,,21.91043563
44.01048328,2125.3125,,,22.01048328
44.11053093,684.875,,,22.11053093
44.21057858,1063.375,,,22.21057858
44.31062623,1084.5,,,22.31062623
44.41067389,2693.0625,,,22.41067389
44.51072154,2834.125,,,22.51072154
44.61076919,2494.375,,,22.61076919
44.71081684,1379.5625,,,22.71081684
44.81086449,1645,,,22.81086449
44.91091214,2229.4375,,,22.91091214
45.01095979,2766.625,,,23.01095979
45.11100744,1842.8125,,,23.11100744
45.2110551,3204.4375,,,23.2110551
45.31110275,2548,,,23.31110275
45.4111504,2236.125,,,23.4111504
45.51119805,2672.0625,,,23.51119805
45.6112457,1775.25,,,23.6112457
45.71129335,2198.875,,,23.71129335
45.811341,2388.125,,,23.811341
45.91138865,1536.5,,,23.91138865
46.01143631,2210.125,,,24.01143631
46.11148396,2114.0625,,,24.11148396
46.21153161,2115.5,,,24.21153161
46.31157926,1263.875,,,24.31157926
46.41162691,1347.25,,,24.41162691
46.51167456,1831.625,,,24.51167456
46.61172221,1169.25,,,24.61172221
46.71176987,1209.3125,,,24.71176987
46.81181752,1241.375,,,24.81181752
46.91186517,1830.1875,,,24.91186517
47.01191282,1536.5,,,25.01191282
47.11196047,1650.25,,,25.11196047
47.21200812,1536.5,,,25.21200812
47.31205577,2009.625,,,25.31205577
47.41210342,3050.5,,,25.41210342
47.51215108,2754.125,,,25.51215108
47.61219873,3719.3125,,,25.61219873
47.71224638,3152.5625,,,25.71224638
47.81229403,2248.375,,,25.81229403
47.91234168,2967.125,,,25.91234168
48.01238933,3231.3125,,,26.01238933
48.11243698,3652,,,26.11243698
48.21248463,2482.75,,,26.21248463
48.31253229,1831.625,,,26.31253229
48.41257994,1998.375,,,26.41257994
48.51262759,2482.75,,,26.51262759
48.61267524,3061.75,,,26.61267524
48.71272289,2683.25,,,26.71272289
48.81277054,2187.625,,,26.81277054
48.91281819,2304.75,,,26.91281819
49.01286584,2955.875,,,27.01286584
49.1129135,2293.5,,,27.1129135
49.21296115,1362.0625,,,27.21296115
49.3130088,2104.25,,,27.3130088
49.41305645,1547.75,,,27.41305645
49.5131041,2766.625,,,27.5131041
49.61315175,3302.4375,,,27.61315175
49.7131994,3220.5,,,27.7131994
49.81324705,2331.75,,,27.81324705
49.91329471,2388.125,,,27.91329471
50.01334236,2388.125,,,28.01334236
50.11339001,2388.125,,,28.11339001
50.21343766,2293.5,,,28.21343766
50.31348531,2293.5,,,28.31348531
50.41353296,2482.75,,,28.41353296
50.51358061,2114.0625,,,28.51358061
50.61362826,1934.125,,,28.61362826
50.71367592,2093,,,28.71367592
50.81372357,3156.375,,,28.81372357
50.91377122,2482.75,,,28.91377122
51.01381887,2301.375,,,29.01381887
51.11386652,2588.625,,,29.11386652
51.21391417,2282.25,,,29.21391417
51.31396182,1714.5,,,29.31396182
51.41400948,2115.5,,,29.41400948
51.51405713,1275.125,,,29.51405713
51.61410478,1135.5,,,29.61410478
51.71415243,2020.875,,,29.71415243
51.81420008,2102.8125,,,29.81420008
51.91424773,1737,,,29.91424773
52.01429538,1696.8125,,,30.01429538
52.11434303,2388.125,,,30.11434303
52.21439069,2384.75,,,30.21439069
52.31443834,2314.5625,,,30.31443834
52.41448599,2822.875,,,30.41448599
52.51453364,1977.6875,,,30.51453364
52.61458129,2206.75,,,30.61458129
52.71462894,2214.625,,,30.71462894
52.81467659,2887.6875,,,30.81467659
52.91472424,2596.5,,,30.91472424
53.0147719,2388.125,,,31.0147719
53.11481955,2766.625,,,31.11481955
53.2148672,1936.0625,,,31.2148672
53.31491485,1158.125,,,31.31491485
53.4149625,1324.75,,,31.4149625
53.51501015,1642.5625,,,31.51501015
53.6150578,1733.8125,,,31.6150578
53.71510545,2282.3125,,,31.71510545
53.81515311,2399.5625,,,31.81515311
53.91520076,2388.25,,,31.91520076
54.01524841,2482.875,,,32.01524841
54.11529606,2304.9375,,,32.11529606
54.21534371,2267.3125,,,32.21534371
54.31539136,2199,,,32.31539136
54.41543901,2304.9375,,,32.41543901
54.51548666,1835.125,,,32.51548666
54.61553432,2398.125,,,32.61553432
54.71558197,3365.0625,,,32.71558197
54.81562962,3001.875,,,32.81562962
54.91567727,2335.5,,,32.91567727
55.01572492,2199,,,33.01572492
55.11577257,2104.375,,,33.11577257
55.21582022,2482.875,,,33.21582022
55.31586787,3334.5,,,33.31586787
55.41591553,2588.8125,,,33.41591553
55.51596318,2104.375,,,33.51596318
55.61601083,968.875,,,33.61601083
55.71605848,1158.125,,,33.71605848
55.81610613,1347.375,,,33.81610613
55.91615378,4667.125,,,33.91615378
56.01620143,4575.875,,,34.01620143
56.11624909,4103.3125,,,34.11624909
56.21629674,2494.1875,,,34.21629674
56.31634439,2965.875,,,34.31634439
56.41639204,2577.5,,,34.41639204
56.51643969,2534.3125,,,34.51643969
56.61648734,2577.5,,,34.61648734
56.71653499,2944.6875,,,34.71653499
56.81658264,2482.875,,,34.81658264
56.9166303,2727.25,,,34.9166303
57.01667795,2619.375,,,35.01667795
57.1167256,2829.5625,,,35.1167256
57.21677325,2691.375,,,35.21677325
57.3168209,2956,,,35.3168209
57.41686855,2482.875,,,35.41686855
57.5169162,2399.5625,,,35.5169162
57.61696385,2577.5,,,35.61696385
57.71701151,2293.625,,,35.71701151
57.81705916,3451.75,,,35.81705916
57.91710681,3835.5625,,,35.91710681
58.01715446,4564.875,,,36.01715446
58.11720211,4207.8125,,,36.11720211
58.21724976,3481.625,,,36.21724976
58.31729741,3637.1875,,,36.31729741
58.41734506,2210.3125,,,36.41734506
58.51739272,3050.625,,,36.51739272
58.61744037,3334.5,,,36.61744037
58.71748802,3145.25,,,36.71748802
58.81753567,2672.125,,,36.81753567
58.91758332,2494.1875,,,36.91758332
59.01763097,2577.5,,,37.01763097
59.11767862,2399.5625,,,37.11767862
59.21772627,2438.75,,,37.21772627
59.31777393,2104.375,,,37.31777393
59.41782158,4394.5625,,,37.41782158
59.51786923,4576.1875,,,37.51786923
59.61791688,4670.8125,,,37.61791688
59.71796453,4564.8125,,,37.71796453
59.81801218,4470.5,,,37.81801218
59.91805983,3071.8125,,,37.91805983
60.01810748,4091.5,,,38.01810748
60.11815514,4580.5625,,,38.11815514
60.21820279,4670.8125,,,38.21820279
60.31825044,4565,,,38.31825044
60.41829809,3474.3125,,,38.41829809
60.51834574,2376.25,,,38.51834574
60.61839339,1998.4375,,,38.61839339
60.71844104,2304.9375,,,38.71844104
60.8184887,2104.375,,,38.8184887
60.91853635,2199,,,38.91853635
61.018584,2388.25,,,39.018584
61.11863165,1915.125,,,39.11863165
61.2186793,1926.4375,,,39.2186793
61.31872695,1631.25,,,39.31872695
61.4187746,1264.0625,,,39.4187746
61.51882225,1146.8125,,,39.51882225
61.61886991,2006.375,,,39.61886991
61.71891756,2199,,,39.71891756
61.81896521,2588.8125,,,39.81896521
61.91901286,3896.6875,,,39.91901286
62.01906051,3902.5,,,40.01906051
62.11910816,3156.5625,,,40.11910816
62.21915581,4575.9375,,,40.21915581
62.31920346,4671.0625,,,40.31920346
62.41925112,4384.0625,,,40.41925112
62.51929877,4239.5,,,40.51929877
62.61934642,3894.75,,,40.61934642
62.71939407,2733.25,,,40.71939407
62.81944172,2513.4375,,,40.81944172
62.91948937,2199,,,40.91948937
63.01953702,2104.375,,,41.01953702
63.11958467,1546.5,,,41.11958467
63.21963233,2300.5625,,,41.21963233
63.31967998,2293.625,,,41.31967998
63.41972763,2199,,,41.41972763
63.51977528,1915.125,,,41.51977528
63.61982293,2388.25,,,41.61982293
63.71987058,1725.875,,,41.71987058
63.81991823,3239.875,,,41.81991823
63.91996588,4575.9375,,,41.91996588
64.02001354,4671.0625,,,42.02001354
64.12006119,4564.625,,,42.12006119
64.22010884,3261.25,,,42.22010884
64.32015649,3239.875,,,42.32015649
64.42020414,2021.0625,,,42.42020414
64.52025179,1536.625,,,42.52025179
64.62029944,1252.75,,,42.62029944
64.72034709,673.6875,,,42.72034709
64.82039475,189.25,,,42.82039475
64.9204424,696.3125,,,42.9204424
65.02049005,1264.0625,,,43.02049005
65.1205377,673.6875,,,43.1205377
65.22058535,1158.125,,,43.22058535
65.320633,1052.1875,,,43.320633
65.42068065,3546.375,,,43.42068065
65.52072831,4670.5625,,,43.52072831
65.62077596,4576.4375,,,43.62077596
65.72082361,4659.25,,,43.72082361
65.82087126,4207.75,,,43.82087126
65.92091891,2778.0625,,,43.92091891
66.02096656,4564.625,,,44.02096656
66.12101421,4671.0625,,,44.12101421
66.22106186,4575.9375,,,44.22106186
66.32110952,3829.75,,,44.32110952
66.42115717,4018.0625,,,44.42115717
66.52120482,3346,,,44.52120482
66.62125247,3050.625,,,44.62125247
66.72130012,2314.8125,,,44.72130012
66.82134777,2218.25,,,44.82134777
66.92139542,2729.875,,,44.92139542
67.02144307,2375.75,,,45.02144307
67.12149073,1146.8125,,,45.12149073
67.22153838,1828.4375,,,45.22153838
67.32158603,2093.0625,,,45.32158603
67.42163368,1346.8125,,,45.42163368
67.52168133,946.25,,,45.52168133
67.62172898,306.5,,,45.62172898
67.72177663,874.25,,,45.72177663
67.82182428,2967.3125,,,45.82182428
67.92187194,4492.625,,,45.92187194
68.02191959,2482.875,,,46.02191959
68.12196724,4670.5625,,,46.12196724
68.22201489,4587.375,,,46.22201489
68.32206254,4385.75,,,46.32206254
68.42211019,3713,,,46.42211019
68.52215784,4197.625,,,46.52215784
68.62220549,3345.8125,,,46.62220549
68.72225315,3228.5625,,,46.72225315
68.8223008,3251.1875,,,46.8223008
68.92234845,2850.0625,,,46.92234845
69.0223961,2766.75,,,47.0223961
69.12244375,2683.4375,,,47.12244375
69.2224914,2956,,,47.2224914
69.32253905,2104.375,,,47.32253905
69.4225867,1725.875,,,47.4225867
69.52263436,1651.75,,,47.52263436
69.62268201,3371,,,47.62268201
69.72272966,3735.625,,,47.72272966
69.82277731,3894.6875,,,47.82277731
69.92282496,3724.3125,,,47.92282496
70.02287261,3535.3125,,,48.02287261
70.12292026,3417.8125,,,48.12292026
70.22296792,2410.875,,,48.22296792
70.32301557,2482.875,,,48.32301557
70.42306322,2858,,,48.42306322
70.52311087,1820.5,,,48.52311087
70.62315852,2199,,,48.62315852
70.72320617,1536.625,,,48.72320617
70.82325382,3073.25,,,48.82325382
70.92330147,2482.875,,,48.92330147
71.02334913,2399.5625,,,49.02334913
71.12339678,2577.5,,,49.12339678
71.22344443,2340.8125,,,49.22344443
71.32349208,2304.9375,,,49.32349208
71.42353973,2199,,,49.42353973
71.52358738,2293.625,,,49.52358738
71.62363503,2199,,,49.62363503
71.72368268,1696.9375,,,49.72368268
71.82373034,2292.5,,,49.82373034
71.92377799,2444.8125,,,49.92377799
72.02382564,2165.5,,,50.02382564
72.12387329,2841.125,,,50.12387329
72.22392094,3047.25,,,50.22392094
72.32396859,2293.625,,,50.32396859
72.42401624,3069.875,,,50.42401624
72.52406389,2566.1875,,,50.52406389
72.62411155,2494.1875,,,50.62411155
72.7241592,2293.625,,,50.7241592
72.82420685,1357.25,,,50.82420685
72.9242545,768.3125,,,50.9242545
73.02430215,1358.6875,,,51.02430215
73.1243498,1252.75,,,51.1243498
73.22439745,1264.0625,,,51.22439745
73.3244451,874.25,,,51.3244451
73.42449276,862.9375,,,51.42449276
73.52454041,980.1875,,,51.52454041
73.62458806,957.5625,,,51.62458806
73.72463571,885.5625,,,51.72463571
73.82468336,2093.0625,,,51.82468336
73.92473101,1642.5625,,,51.92473101
74.02477866,1063.5,,,52.02477866
74.12482631,1442,,,52.12482631
74.22487397,1817.125,,,52.22487397
74.32492162,2388.25,,,52.32492162
74.42496927,2304.9375,,,52.42496927
74.52501692,2282.3125,,,52.52501692
74.62506457,2494.1875,,,52.62506457
74.72511222,1758.8125,,,52.72511222
74.82515987,2293.625,,,52.82515987
74.92520753,2471.5625,,,52.92520753
75.02525518,2293.625,,,53.02525518
75.12530283,2621.6875,,,53.12530283
75.22535048,2544,,,53.22535048
75.32539813,2112.25,,,53.32539813
75.42544578,1275.375,,,53.42544578
75.52549343,1468.6875,,,53.52549343
75.62554108,1998.4375,,,53.62554108
75.72558874,2304.9375,,,53.72558874
75.82563639,2409.4375,,,53.82563639
75.92568404,2456.125,,,53.92568404
76.02573169,2619.375,,,54.02573169
76.12577934,2050.0625,,,54.12577934
76.22582699,2104.375,,,54.22582699
76.32587464,2677.75,,,54.32587464
76.42592229,3129.4375,,,54.42592229
76.52596995,3608.5625,,,54.52596995
76.6260176,3980.875,,,54.6260176
76.72606525,3334.5,,,54.72606525
76.8261129,3997.125,,,54.8261129
76.92616055,1925,,,54.92616055
77.0262082,0,,,55.0262082
77.12625585,0,,,55.12625585
77.2263035,1484,,,55.2263035
77.32635116,1216.8125,,,55.32635116
77.42639881,2422.1875,,,55.42639881
77.52644646,1699.3125,,,55.52644646
77.62649411,1052.1875,,,55.62649411
77.72654176,1453.3125,,,55.72654176
77.82658941,2388.25,,,55.82658941
77.92663706,2577.5,,,55.92663706
78.02668471,2293.625,,,56.02668471
78.12673237,2683.4375,,,56.12673237
78.22678002,1941.8125,,,56.22678002
78.32682767,3251.1875,,,56.32682767
78.42687532,3429.125,,,56.42687532
78.52692297,3060.5,,,56.52692297
78.62697062,3649.375,,,56.62697062
78.72701827,3203,,,56.72701827
78.82706592,2210.3125,,,56.82706592
78.92711358,1745.125,,,56.92711358
79.02716123,1902.375,,,57.02716123
79.12720888,1375.3125,,,57.12720888
79.22725653,1536.625,,,57.22725653
79.32730418,2660.8125,,,57.32730418
79.42735183,2789.375,,,57.42735183
79.52739948,2755.4375,,,57.52739948
79.62744714,2577.5,,,57.62744714
79.72749479,2199,,,57.72749479
79.82754244,2199,,,57.82754244
79.92759009,2255.375,,,57.92759009
80.02763774,1260.6875,,,58.02763774
80.12768539,1347.375,,,58.12768539
80.22773304,1925,,,58.22773304
80.32778069,1663.75,,,58.32778069
80.42782835,662.375,,,58.42782835
80.527876,2240.875,,,58.527876
80.62792365,1568.25,,,58.62792365
80.7279713,1915.125,,,58.7279713
80.82801895,1737.1875,,,58.82801895
80.9280666,1820.5,,,58.9280666
81.02811425,2388.25,,,59.02811425
81.1281619,2293.625,,,59.1281619
81.22820956,2009.75,,,59.22820956
81.32825721,2218.25,,,59.32825721
81.42830486,2187.6875,,,59.42830486
81.52835251,2399.5625,,,59.52835251
81.62840016,1926.4375,,,59.62840016
81.72844781,1252.75,,,59.72844781
81.82849546,862.9375,,,59.82849546
81.92854311,968.875,,,59.92854311
82.02859077,293.75,,,60.02859077
82.12863842,862.9375,,,60.12863842
82.22868607,1166.0625,,,60.22868607
82.32873372,1809.1875,,,60.32873372
82.42878137,2304.9375,,,60.42878137
82.52882902,1915.125,,,60.52882902
82.62887667,2509.9375,,,60.62887667
82.72892432,2687.25,,,60.72892432
82.82897198,2517.0625,,,60.82897198
82.92901963,2187.6875,,,60.92901963
83.02906728,2210.3125,,,61.02906728
83.12911493,2388.25,,,61.12911493
83.22916258,2104.375,,,61.22916258
83.32921023,1747.0625,,,61.32921023
83.42925788,1631.25,,,61.42925788
83.52930553,1737.1875,,,61.52930553
83.62935319,1252.75,,,61.62935319
83.72940084,579.0625,,,61.72940084
83.82944849,1442,,,61.82944849
83.92949614,2199,,,61.92949614
84.02954379,2494.1875,,,62.02954379
84.12959144,2104.375,,,62.12959144
84.22963909,1820.5,,,62.22963909
84.32968675,2009.75,,,62.32968675
84.4297344,1776.8125,,,62.4297344
84.52978205,1704.125,,,62.52978205
84.6298297,2577.5,,,62.6298297
84.72987735,2293.625,,,62.72987735
84.829925,2399.5625,,,62.829925
84.92997265,2818.5,,,62.92997265
85.0300203,3248.25,,,63.0300203
85.13006796,2382.625,,,63.13006796
85.23011561,2588.8125,,,63.23011561
85.33016326,2588.8125,,,63.33016326
85.43021091,2271,,,63.43021091
85.53025856,2610,,,63.53025856
85.63030621,2807.1875,,,63.63030621
85.73035386,2635.25,,,63.73035386
85.83040151,3297.25,,,63.83040151
85.93044917,2797.3125,,,63.93044917
86.03049682,2104.375,,,64.03049682
86.13054447,1843.125,,,64.13054447
86.23059212,2187.6875,,,64.23059212
86.33063977,2399.5625,,,64.33063977
86.43068742,2956,,,64.43068742
86.53073507,2588.8125,,,64.53073507
86.63078272,2376.9375,,,64.63078272
86.73083038,2210.3125,,,64.73083038
86.83087803,2199,,,64.83087803
86.93092568,2388.25,,,64.93092568
87.03097333,2104.375,,,65.03097333
87.13102098,1831.8125,,,65.13102098
87.23106863,1903.8125,,,65.23106863
87.33111628,2293.625,,,65.33111628
87.43116393,1820.5,,,65.43116393
87.53121159,1223.6875,,,65.53121159
87.63125924,1631.25,,,65.63125924
87.73130689,1525.3125,,,65.73130689
87.83135454,2396.1875,,,65.83135454
87.93140219,2420.75,,,65.93140219
88.03144984,2460.6875,,,66.03144984
88.13149749,2144.8125,,,66.13149749
88.23154514,2104.375,,,66.23154514
88.3315928,2293.625,,,66.3315928
88.43164045,1725.875,,,66.43164045
88.5316881,2104.375,,,66.5316881
88.63173575,1158.125,,,66.63173575
88.7317834,1009.25,,,66.7317834
88.83183105,1722.5,,,66.83183105
88.9318787,2388.25,,,66.9318787
89.03192635,2588.8125,,,67.03192635
89.13197401,2330,,,67.13197401
89.23202166,3115.125,,,67.23202166
89.33206931,2531.25,,,67.33206931
89.43211696,1589.5625,,,67.43211696
89.53216461,1472.5625,,,67.53216461
89.63221226,1347.375,,,67.63221226
89.73225991,1430.6875,,,67.73225991
89.83230757,1817.125,,,67.83230757
89.93235522,2388.25,,,67.93235522
90.03240287,2399.5625,,,68.03240287
90.13245052,2293.625,,,68.13245052
90.23249817,2098.0625,,,68.23249817
90.33254582,2577.5,,,68.33254582
90.43259347,2293.625,,,68.43259347
90.53264112,2916.5,,,68.53264112
90.63268878,2672.5625,,,68.63268878
90.73273643,2501.6875,,,68.73273643
90.83278408,2482.875,,,68.83278408
90.93283173,3156.5625,,,68.93283173
91.03287938,2918.75,,,69.03287938
91.13292703,2683.4375,,,69.13292703
91.23297468,2492.75,,,69.23297468
91.33302233,3535.5,,,69.33302233
91.43306999,3087.4375,,,69.43306999
91.53311764,2884,,,69.53311764
91.63316529,2199,,,69.63316529
91.73321294,2151.0625,,,69.73321294
91.83326059,2187.6875,,,69.83326059
91.93330824,2042.25,,,69.93330824
92.03335589,2550.75,,,70.03335589
92.13340354,1766.0625,,,70.13340354
92.2334512,1336.0625,,,70.2334512
92.33349885,862.9375,,,70.33349885
92.4335465,885.5625,,,70.4335465
92.53359415,874.25,,,70.53359415
92.6336418,1631.25,,,70.6336418
92.73368945,2199,,,70.73368945
92.8337371,1820.5,,,70.8337371
92.93378475,1252.75,,,70.93378475
93.03383241,1903.8125,,,71.03383241
93.13388006,1825.8125,,,71.13388006
93.23392771,1886.0625,,,71.23392771
93.33397536,2293.625,,,71.33397536
93.43402301,2482.875,,,71.43402301
93.53407066,1915.125,,,71.53407066
93.63411831,2303.5,,,71.63411831
93.73416596,2997.875,,,71.73416596
93.83421362,3506.75,,,71.83421362
93.93426127,2891.9375,,,71.93426127
94.03430892,2577.5,,,72.03430892
94.13435657,1960.75,,,72.13435657
94.23440422,2766.75,,,72.23440422
94.33445187,1463.1875,,,72.33445187
94.43449952,1735.75,,,72.43449952
94.53454718,1298,,,72.53454718
94.63459483,2230.375,,,72.63459483
94.73464248,2206.9375,,,72.73464248
94.83469013,2672.125,,,72.83469013
94.93473778,2304.9375,,,72.93473778
95.03478543,2009.75,,,73.03478543
95.13483308,2388.25,,,73.13483308
95.23488073,2588.8125,,,73.23488073
95.33492839,2009.75,,,73.33492839
95.43497604,1915.125,,,73.43497604
95.53502369,1998.4375,,,73.53502369
95.63507134,2588.8125,,,73.63507134
95.73511899,2083.8125,,,73.73511899
95.83516664,2115.6875,,,73.83516664
95.93521429,1998.4375,,,73.93521429
96.03526194,2021.0625,,,74.03526194
96.1353096,2766.75,,,74.1353096
96.23535725,2598.6875,,,74.23535725
96.3354049,2418.8125,,,74.3354049
96.43545255,2558.6875,,,74.43545255
96.5355002,1783.3125,,,74.5355002
96.63554785,673.6875,,,74.63554785
96.7355955,1169.4375,,,74.7355955
96.83564315,1536.625,,,74.83564315
96.93569081,2540.125,,,74.93569081
97.03573846,2388.25,,,75.03573846
97.13578611,2021.0625,,,75.13578611
97.23583376,2293.625,,,75.23583376
97.33588141,1450.9375,,,75.33588141
97.43592906,2293.625,,,75.43592906
97.53597671,2610,,,75.53597671
97.63602436,2502.125,,,75.63602436
97.73607202,2728.6875,,,75.73607202
97.83611967,1570.5625,,,75.83611967
97.93616732,1525.3125,,,75.93616732
98.03621497,2268.1875,,,76.03621497
98.13626262,2407.5,,,76.13626262
98.23631027,2293.625,,,76.23631027
98.33635792,2482.875,,,76.33635792
98.43640557,2399.5625,,,76.43640557
98.53645323,2399.5625,,,76.53645323
98.63650088,2184.3125,,,76.63650088
98.73654853,2304.9375,,,76.73654853
98.83659618,2049.125,,,76.83659618
98.93664383,1231.1875,,,76.93664383
99.03669148,2102.9375,,,77.03669148
99.13673913,2763.8125,,,77.13673913
99.23678679,1982.25,,,77.23678679
99.33683444,2199,,,77.33683444
99.43688209,1748.5,,,77.43688209
99.53692974,2007.75,,,77.53692974
99.63697739,2293.625,,,77.63697739
99.73702504,1358.6875,,,77.73702504
99.83707269,1264.0625,,,77.83707269
99.93712034,1241.4375,,,77.93712034
100.037168,1820.5,,,78.037168
100.1372156,2218.25,,,78.13721565
100.2372633,2104.375,,,78.2372633
100.3373109,2304.9375,,,78.33731095
100.4373586,2199,,,78.4373586
100.5374063,2293.625,,,78.53740625
100.6374539,2304.9375,,,78.6374539
100.7375016,2293.625,,,78.73750155
100.8375492,1915.125,,,78.83754921
100.9375969,1725.875,,,78.93759686
101.0376445,1264.0625,,,79.03764451
101.1376922,1146.8125,,,79.13769216
101.2377398,2154.875,,,79.23773981
101.3377875,2123.625,,,79.33778746
101.4378351,2399.5625,,,79.43783511
101.5378828,1981.0625,,,79.53788276
101.6379304,2399.5625,,,79.63793042
101.7379781,2187.6875,,,79.73797807
101.8380257,2892.125,,,79.83802572
101.9380734,2702.6875,,,79.93807337
102.038121,2572.1875,,,80.03812102
102.1381687,2304.9375,,,80.13816867
102.2382163,2293.625,,,80.23821632
102.338264,2482.875,,,80.33826397
102.4383116,2293.625,,,80.43831163
102.5383593,2494.1875,,,80.53835928
102.6384069,2388.25,,,80.63840693
102.7384546,2399.5625,,,80.73845458
102.8385022,1821.9375,,,80.83850223
102.9385499,2304.9375,,,80.93854988
103.0385975,2137.25,,,81.03859753
103.1386452,2774.6875,,,81.13864518
103.2386928,2286.125,,,81.23869284
103.3387405,1449.1875,,,81.33874049
103.4387881,1733.8125,,,81.43878814
103.5388358,2187.6875,,,81.53883579
103.6388834,2482.875,,,81.63888344
103.7389311,2104.375,,,81.73893109
103.8389787,2494.1875,,,81.83897874
103.9390264,2293.625,,,81.9390264
104.039074,2588.8125,,,82.03907405
104.1391217,2482.875,,,82.1391217
104.2391693,3039.3125,,,82.23916935
104.339217,2494.1875,,,82.339217
104.4392647,2482.875,,,82.43926465
104.5393123,2359.5625,,,82.5393123
104.63936,3251.1875,,,82.63935995
104.7394076,3439,,,82.73940761
104.8394553,2780.375,,,82.83945526
104.9395029,3399,,,82.93950291
105.0395506,3395.625,,,83.03955056
105.1395982,2858.4375,,,83.13959821
105.2396459,2512.1875,,,83.23964586
105.3396935,2290.25,,,83.33969351
105.4397412,2588.8125,,,83.43974116
105.5397888,2293.625,,,83.53978882
105.6398365,2399.5625,,,83.63983647
105.7398841,2293.625,,,83.73988412
105.8399318,2482.875,,,83.83993177
105.9399794,1915.125,,,83.93997942
106.0400271,1911.75,,,84.04002707
106.1400747,1725.875,,,84.14007472
106.2401224,2432.4375,,,84.24012237
106.34017,1495.1875,,,84.34017003
106.4402177,1748.5,,,84.44021768
106.5402653,2320.8125,,,84.54026533
106.640313,2714.9375,,,84.64031298
106.7403606,2616,,,84.74036063
106.8404083,3239.875,,,84.84040828
106.9404559,3345.8125,,,84.94045593
107.0405036,3039.3125,,,85.04050358
107.1405512,2304.9375,,,85.14055124
107.2405989,1725.875,,,85.24059889
107.3406465,2399.5625,,,85.34064654
107.4406942,2104.375,,,85.44069419
107.5407418,2932.8125,,,85.54074184
107.6407895,3523.75,,,85.64078949
107.7408371,2841.125,,,85.74083714
107.8408848,2763.8125,,,85.84088479
107.9409324,1722.0625,,,85.94093245
108.0409801,3073.25,,,86.0409801
108.1410277,1915.125,,,86.14102775
108.2410754,2293.625,,,86.2410754
108.3411231,2115.6875,,,86.34112305
108.4411707,2388.25,,,86.4411707
108.5412184,2199,,,86.54121835
108.641266,1619.9375,,,86.64126601
108.7413137,1915.125,,,86.74131366
108.8413613,1828.4375,,,86.84136131
108.941409,2384.875,,,86.94140896
109.0414566,2115.6875,,,87.04145661
109.1415043,2290.25,,,87.14150426
109.2415519,1725.875,,,87.24155191
109.3415996,2388.25,,,87.34159956
109.4416472,1835.6875,,,87.44164722
109.5416949,2500.6875,,,87.54169487
109.6417425,2338,,,87.64174252
109.7417902,2104.375,,,87.74179017
109.8418378,2388.25,,,87.84183782
109.9418855,2293.625,,,87.94188547
110.0419331,2399.5625,,,88.04193312
110.1419808,2577.5,,,88.14198077
110.2420284,2293.625,,,88.24202843
110.3420761,2399.5625,,,88.34207608
110.4421237,2471.5625,,,88.44212373
110.5421714,2600.125,,,88.54217138
110.642219,2755.4375,,,88.64221903
110.7422667,2293.625,,,88.74226668
110.8423143,2282.3125,,,88.84231433
110.942362,2301.5625,,,88.94236198
111.0424096,2104.375,,,89.04240964
111.1424573,2199,,,89.14245729
111.2425049,2112.3125,,,89.24250494
111.3425526,2009.75,,,89.34255259
111.4426002,1252.75,,,89.44260024
111.5426479,1169.4375,,,89.54264789
111.6426955,1631.25,,,89.64269554
111.7427432,3334.5,,,89.74274319
111.8427908,2293.625,,,89.84279085
111.9428385,2304.9375,,,89.9428385
112.0428861,1451.875,,,90.04288615
112.1429338,2199,,,90.1429338
112.2429815,3228.5625,,,90.24298145
112.3430291,2210.3125,,,90.3430291
112.4430768,2588.8125,,,90.44307675
112.5431244,2293.625,,,90.5431244
112.6431721,2482.875,,,90.64317206
112.7432197,2482.875,,,90.74321971
112.8432674,2123.625,,,90.84326736
112.943315,2093.0625,,,90.94331501
113.0433627,2502.125,,,91.04336266
113.1434103,2093.0625,,,91.14341031
113.243458,2399.5625,,,91.24345796
113.3435056,2009.75,,,91.34350562
113.4435533,2376.9375,,,91.44355327
113.5436009,2127,,,91.54360092
113.6436486,2187.6875,,,91.64364857
113.7436962,2304.9375,,,91.74369622
113.8437439,2766.75,,,91.84374387
113.9437915,3429.125,,,91.94379152
114.0438392,3440.4375,,,92.04383917
114.1438868,2619.3125,,,92.14388683
114.2439345,2125.5625,,,92.24393448
114.3439821,3153.625,,,92.34398213
114.4440298,2489.5625,,,92.44402978
114.5440774,3251.1875,,,92.54407743
114.6441251,3061.9375,,,92.64412508
114.7441727,3218.125,,,92.74417273
114.8442204,2492.75,,,92.84422038
114.944268,3145.25,,,92.94426804
115.0443157,3440.4375,,,93.04431569
115.1443633,3291.5625,,,93.14436334
115.244411,2672.125,,,93.24441099
115.3444586,2293.625,,,93.34445864
115.4445063,2021.0625,,,93.44450629
115.5445539,2293.625,,,93.54455394
115.6446016,2210.3125,,,93.64460159
115.7446492,2104.375,,,93.74464925
115.8446969,2199,,,93.8446969
115.9447445,2021.0625,,,93.94474455
116.0447922,2187.6875,,,94.0447922
116.1448399,1358.6875,,,94.14483985
116.2448875,1241.4375,,,94.2448875
116.3449352,1536.625,,,94.34493515
116.4449828,1915.125,,,94.4449828
116.5450305,2494.1875,,,94.54503046
116.6450781,2104.375,,,94.64507811
116.7451258,2956,,,94.74512576
116.8451734,2384.875,,,94.84517341
116.9452211,2967.3125,,,94.94522106
117.0452687,2587.375,,,95.04526871
117.1453164,2104.375,,,95.14531636
117.245364,2304.9375,,,95.24536401
117.3454117,2956,,,95.34541167
117.4454593,2494.1875,,,95.44545932
117.545507,2199,,,95.54550697
117.6455546,2199,,,95.64555462
117.7456023,2482.875,,,95.74560227
117.8456499,2388.25,,,95.84564992
117.9456976,2072.75,,,95.94569757
118.0457452,2293.625,,,96.04574523
118.1457929,2388.25,,,96.14579288
118.2458405,2861.375,,,96.24584053
118.3458882,2588.8125,,,96.34588818
118.4459358,2963.875,,,96.44593583
118.5459835,3534.8125,,,96.54598348
118.6460311,1555.875,,,96.64603113
118.7460788,1442,,,96.74607878
118.8461264,2104.375,,,96.84612644
118.9461741,2293.625,,,96.94617409
119.0462217,2304.9375,,,97.04622174
119.1462694,2199,,,97.14626939
119.246317,2672.125,,,97.24631704
119.3463647,2293.625,,,97.34636469
119.4464123,2672.125,,,97.44641234
119.54646,2778.0625,,,97.54645999
119.6465076,2187.6875,,,97.64650765
119.7465553,2104.375,,,97.7465553
119.8466029,2482.875,,,97.84660295
119.9466506,2218.25,,,97.9466506
120.0466983,2096.5625,,,98.04669825
120.1467459,2916.875,,,98.1467459
120.2467936,3085.4375,,,98.24679355
120.3468412,2482.875,,,98.3468412
120.4468889,2195.625,,,98.44688886
120.5469365,1619.9375,,,98.54693651
120.6469842,1063.5,,,98.64698416
120.7470318,295.1875,,,98.74703181
120.8470795,1347.375,,,98.84707946
120.9471271,885.5625,,,98.94712711
121.0471748,1347.375,,,99.04717476
121.1472224,2282.3125,,,99.14722241
121.2472701,1652.4375,,,99.24727007
121.3473177,1063.5,,,99.34731772
121.4473654,1063.5,,,99.44736537
121.547413,1052.1875,,,99.54741302
121.6474607,200.5625,,,99.64746067
121.7475083,874.25,,,99.74750832
121.847556,1264.0625,,,99.84755597
121.9476036,1241.4375,,,99.94760362
122.0476513,2206.9375,,,100.0476513
122.1476989,2376.9375,,,100.1476989
122.2477466,2115.6875,,,100.2477466
122.3477942,2093.0625,,,100.3477942
122.4478419,2293.625,,,100.4478419
122.5478895,2009.75,,,100.5478895
122.6479372,2304.9375,,,100.6479372
122.7479848,2104.375,,,100.7479848
122.8480325,2011.375,,,100.8480325
122.9480801,2293.625,,,100.9480801
123.0481278,2388.25,,,101.0481278
123.1481754,2210.3125,,,101.1481754
123.2482231,2220.5625,,,101.2482231
123.3482707,2619.375,,,101.3482707
123.4483184,2762.625,,,101.4483184
123.548366,2078.8125,,,101.548366
123.6484137,1430.6875,,,101.6484137
123.7484613,1828.4375,,,101.7484613
123.848509,2293.625,,,101.848509
123.9485567,2482.875,,,101.9485567
124.0486043,2577.5,,,102.0486043
124.148652,2672.125,,,102.148652
124.2486996,2293.625,,,102.2486996
124.3487473,2304.9375,,,102.3487473
124.4487949,2009.75,,,102.4487949
124.5488426,2919.25,,,102.5488426
124.6488902,2932.375,,,102.6488902
124.7489379,2709.0625,,,102.7489379
124.8489855,2252.1875,,,102.8489855
124.9490332,1440.5625,,,102.9490332
125.0490808,1169.4375,,,103.0490808
125.1491285,1915.125,,,103.1491285
125.2491761,2672.125,,,103.2491761
125.3492238,2766.75,,,103.3492238
125.4492714,2505.5,,,103.4492714
125.5493191,2282.3125,,,103.5493191
125.6493667,2104.375,,,103.6493667
125.7494144,1347.375,,,103.7494144
125.849462,2115.6875,,,103.849462
125.9495097,1809.1875,,,103.9495097
126.0495573,2399.5625,,,104.0495573
126.149605,2388.25,,,104.149605
126.2496526,2388.25,,,104.2496526
126.3497003,2494.1875,,,104.3497003
126.4497479,2104.375,,,104.4497479
126.5497956,2009.75,,,104.5497956
126.6498432,2199,,,104.6498432
126.7498909,2388.25,,,104.7498909
126.8499385,2628.75,,,104.8499385
126.9499862,2293.625,,,104.9499862
127.0500338,2399.5625,,,105.0500338
127.1500815,1948.5,,,105.1500815
127.2501291,2304.9375,,,105.2501291
127.3501768,2220.1875,,,105.3501768
127.4502244,2131.5625,,,105.4502244
127.5502721,3224.75,,,105.5502721
127.6503197,3133.9375,,,105.6503197
127.7503674,2600.125,,,105.7503674
127.8504151,2755.4375,,,105.8504151
127.9504627,2399.5625,,,105.9504627
128.0505104,2293.625,,,106.0505104
128.150558,2030.9375,,,106.150558
128.2506057,1926.4375,,,106.2506057
128.3506533,2566.1875,,,106.3506533
128.450701,2588.8125,,,106.450701
128.5507486,2388.25,,,106.5507486
128.6507963,2210.3125,,,106.6507963
128.7508439,3133.9375,,,106.7508439
128.8508916,3345.8125,,,106.8508916
128.9509392,2956,,,106.9509392
129.0509869,2388.25,,,107.0509869
129.1510345,2293.625,,,107.1510345
129.2510822,2017.6875,,,107.2510822
129.3511298,2672.125,,,107.3511298
129.4511775,2494.1875,,,107.4511775
129.5512251,2471.5625,,,107.5512251
129.6512728,2399.5625,,,107.6512728
129.7513204,2482.875,,,107.7513204
129.8513681,2293.625,,,107.8513681
129.9514157,2399.5625,,,107.9514157
130.0514634,2388.25,,,108.0514634
130.151511,1536.625,,,108.151511
130.2515587,1249.375,,,108.2515587
130.3516063,1525.3125,,,108.3516063
130.451654,1915.125,,,108.451654
130.5517016,2388.25,,,108.5517016
130.6517493,2115.6875,,,108.6517493
130.7517969,2577.5,,,108.7517969
130.8518446,2199,,,108.8518446
130.9518922,1718.875,,,108.9518922
131.0519399,1147.875,,,109.0519399
131.1519875,1735.75,,,109.1519875
131.2520352,2263.5,,,109.2520352
131.3520828,1892.9375,,,109.3520828
131.4521305,2354.5625,,,109.4521305
131.5521781,2105.25,,,109.5521781
131.6522258,2859.1875,,,109.6522258
131.7522734,2006.375,,,109.7522734
131.8523211,2125.5625,,,109.8523211
131.9523688,2388.25,,,109.9523688
132.0524164,4386.6875,,,110.0524164
132.1524641,4576.4375,,,110.1524641
132.2525117,3913.8125,,,110.2525117
132.3525594,3239.875,,,110.3525594
132.452607,3618.375,,,110.452607
132.5526547,2598.6875,,,110.5526547
132.6527023,2017.6875,,,110.6527023
132.75275,3239.875,,,110.75275
132.8527976,2861.375,,,110.8527976
132.9528453,2187.6875,,,110.9528453
133.0528929,2588.8125,,,111.0528929
133.1529406,2672.125,,,111.1529406
133.2529882,2293.625,,,111.2529882
133.3530359,2861.375,,,111.3530359
133.4530835,2766.75,,,111.4530835
133.5531312,2410.875,,,111.5531312
133.6531788,2093.0625,,,111.6531788
133.7532265,1745.125,,,111.7532265
133.8532741,2093.0625,,,111.8532741
133.9533218,2494.1875,,,111.9533218
134.0533694,3039.3125,,,112.0533694
134.1534171,2585.4375,,,112.1534171
134.2534647,2062.4375,,,112.2534647
134.3535124,2672.125,,,112.3535124
134.45356,2865.5,,,112.45356
134.5536077,3065.9375,,,112.5536077
134.6536553,3509.8125,,,112.6536553
134.753703,3429.125,,,112.753703
134.8537506,3819.1875,,,112.8537506
134.9537983,3807.625,,,112.9537983
135.0538459,3440.4375,,,113.0538459
135.1538936,2482.875,,,113.1538936
135.2539412,2660.8125,,,113.2539412
135.3539889,2766.75,,,113.3539889
135.4540365,2388.25,,,113.4540365
135.5540842,2588.8125,,,113.5540842
135.6541318,2282.3125,,,113.6541318
135.7541795,2399.5625,,,113.7541795
135.8542272,2388.25,,,113.8542272
135.9542748,2388.25,,,113.9542748
136.0543225,2446.5,,,114.0543225
136.1543701,2388.25,,,114.1543701
136.2544178,1747.0625,,,114.2544178
136.3544654,1453.3125,,,114.3544654
136.4545131,1903.8125,,,114.4545131
136.5545607,2683.4375,,,114.5545607
136.6546084,4386.6875,,,114.6546084
136.754656,2869.3125,,,114.754656
136.8547037,3039.3125,,,114.8547037
136.9547513,2482.875,,,114.9547513
137.054799,1820.5,,,115.054799
137.1548466,2315.1875,,,115.1548466
137.2548943,1865.75,,,115.2548943
137.3549419,2226.3125,,,115.3549419
137.4549896,1368.5625,,,115.4549896
137.5550372,1453.3125,,,115.5550372
137.6550849,1158.125,,,115.6550849
137.7551325,1453.3125,,,115.7551325
137.8551802,1631.25,,,115.8551802
137.9552278,2199,,,115.9552278
138.0552755,2376.9375,,,116.0552755
138.1553231,2032.375,,,116.1553231
138.2553708,2293.625,,,116.2553708
138.3554184,2199,,,116.3554184
138.4554661,2199,,,116.4554661
138.5555137,2388.25,,,116.5555137
138.6555614,1525.3125,,,116.6555614
138.755609,1934.375,,,116.755609
138.8556567,1903.8125,,,116.8556567
138.9557043,2388.25,,,116.9557043
139.055752,2115.6875,,,117.055752
139.1557996,3724.3125,,,117.1557996
139.2558473,2220.1875,,,117.2558473
139.3558949,1533.25,,,117.3558949
139.4559426,1074.8125,,,117.4559426
139.5559902,2282.3125,,,117.5559902
139.6560379,2399.5625,,,117.6560379
139.7560856,2293.625,,,117.7560856
139.8561332,2021.0625,,,117.8561332
139.9561809,2187.6875,,,117.9561809
140.0562285,2210.3125,,,118.0562285
140.1562762,2187.6875,,,118.1562762
140.2563238,2293.625,,,118.2563238
140.3563715,2199,,,118.3563715
140.4564191,2290.25,,,118.4564191
140.5564668,1937.75,,,118.5564668
140.6565144,2093.0625,,,118.6565144
140.7565621,3535.0625,,,118.7565621
140.8566097,2399.5625,,,118.8566097
140.9566574,1714.5625,,,118.9566574
141.056705,1379.875,,,119.056705
141.1567527,1525.3125,,,119.1567527
141.2568003,2210.3125,,,119.2568003
141.356848,2293.625,,,119.356848
141.4568956,2388.25,,,119.4568956
141.5569433,2293.625,,,119.5569433
141.6569909,2210.3125,,,119.6569909
141.7570386,1819.375,,,119.7570386
141.8570862,1526.1875,,,119.8570862
141.9571339,2223.9375,,,119.9571339
142.0571815,2335.5,,,120.0571815
142.1572292,2092.9375,,,120.1572292
142.2572768,2104.375,,,120.2572768
142.3573245,2388.25,,,120.3573245
142.4573721,2210.3125,,,120.4573721
142.5574198,2388.25,,,120.5574198
142.6574674,2778.0625,,,120.6574674
142.7575151,2282.3125,,,120.7575151
142.8575627,2104.375,,,120.8575627
142.9576104,2399.5625,,,120.9576104
143.057658,2293.625,,,121.057658
143.1577057,2494.1875,,,121.1577057
143.2577533,2293.625,,,121.2577533
143.357801,2388.25,,,121.357801
143.4578486,3345.8125,,,121.4578486
143.5578963,2293.625,,,121.5578963
143.657944,2293.625,,,121.657944
143.7579916,2693.3125,,,121.7579916
143.8580393,1725.875,,,121.8580393
143.9580869,2009.75,,,121.9580869
144.0581346,1937.75,,,122.0581346
144.1581822,2388.25,,,122.1581822
144.2582299,2199,,,122.2582299
144.3582775,2210.3125,,,122.3582775
144.4583252,1631.25,,,122.4583252
144.5583728,2009.75,,,122.5583728
144.6584205,2115.6875,,,122.6584205
144.7584681,1915.125,,,122.7584681
144.8585158,2577.5,,,122.8585158
144.9585634,2293.625,,,122.9585634
145.0586111,2494.1875,,,123.0586111
145.1586587,3429.125,,,123.1586587
145.2587064,2293.625,,,123.2587064
145.358754,1642.5625,,,123.358754
145.4588017,2195.625,,,123.4588017
145.5588493,2303.5,,,123.5588493
145.658897,1915.125,,,123.658897
145.7589446,2210.3125,,,123.7589446
145.8589923,2482.875,,,123.8589923
145.9590399,2104.375,,,123.9590399
146.0590876,2956,,,124.0590876
146.1591352,1725.875,,,124.1591352
146.2591829,2301.5625,,,124.2591829
146.3592305,1724.4375,,,124.3592305
146.4592782,1461.25,,,124.4592782
146.5593258,1336.0625,,,124.5593258
146.6593735,1733.8125,,,124.6593735
146.7594211,2187.6875,,,124.7594211
146.8594688,2482.875,,,124.8594688
146.9595164,2223.9375,,,124.9595164
147.0595641,2588.8125,,,125.0595641
147.1596117,2282.3125,,,125.1596117
147.2596594,2588.8125,,,125.2596594
147.359707,2009.75,,,125.359707
147.4597547,1915.125,,,125.4597547
147.5598024,1820.5,,,125.5598024
147.65985,2388.25,,,125.65985
147.7598977,2304.9375,,,125.7598977
147.8599453,3050.625,,,125.8599453
147.959993,2494.1875,,,125.959993
148.0600406,1641.125,,,126.0600406
148.1600883,1252.75,,,126.1600883
148.2601359,401.125,,,126.2601359
148.3601836,484.4375,,,126.3601836
148.4602312,1714.5625,,,126.4602312
148.5602789,2210.3125,,,126.5602789
148.6603265,2009.75,,,126.6603265
148.7603742,1926.4375,,,126.7603742
148.8604218,2093.0625,,,126.8604218
148.9604695,2125.5625,,,126.9604695
149.0605171,2199,,,127.0605171
149.1605648,1642.5625,,,127.1605648
149.2606124,1722.5,,,127.2606124
149.3606601,2293.625,,,127.3606601
149.4607077,2399.5625,,,127.4607077
149.5607554,2850.0625,,,127.5607554
149.660803,2502.0625,,,127.660803
149.7608507,2854.0625,,,127.7608507
149.8608983,1663.8125,,,127.8608983
149.960946,2660.8125,,,127.960946
150.0609936,1267.0625,,,128.0609936
150.1610413,1314.125,,,128.1610413
150.2610889,2187.6875,,,128.2610889
150.3611366,1549,,,128.3611366
150.4611842,2471.5625,,,128.4611842
150.5612319,2715.625,,,128.5612319
150.6612795,3713,,,128.6612795
150.7613272,2505.5,,,128.7613272
150.8613748,2803,,,128.8613748
150.9614225,3249.75,,,128.9614225
151.0614701,1657.625,,,129.0614701
151.1615178,1748.5,,,129.1615178
151.2615654,2514.4375,,,129.2615654
151.3616131,2160.9375,,,129.3616131
151.4616608,1442,,,129.4616608
151.5617084,980.1875,,,129.5617084
151.6617561,1533.25,,,129.6617561
151.7618037,1915.125,,,129.7618037
151.8618514,1820.5,,,129.8618514
151.961899,2017.6875,,,129.961899
152.0619467,2672.125,,,130.0619467
152.1619943,3283.625,,,130.1619943
152.262042,4564.5625,,,130.262042
152.3620896,4671.0625,,,130.3620896
152.4621373,4564.625,,,130.4621373
152.5621849,4576.375,,,130.5621849
152.6622326,4655.875,,,130.6622326
152.7622802,4576.375,,,130.7622802
152.8623279,4670.8125,,,130.8623279
152.9623755,4565,,,130.9623755
153.0624232,4670.5625,,,131.0624232
153.1624708,4565.125,,,131.1624708
153.2625185,4564.625,,,131.2625185
153.3625661,4576.375,,,131.3625661
153.4626138,4575.9375,,,131.4626138
153.5626614,4565.0625,,,131.5626614
153.6627091,4012.8125,,,131.6627091
153.7627567,4565.0625,,,131.7627567
153.8628044,4631.6875,,,131.8628044
153.962852,4572.4375,,,131.962852
154.0628997,4532,,,132.0628997
154.1629473,4588,,,132.1629473
154.262995,4576.1875,,,132.262995
154.3630426,4659.625,,,132.3630426
154.4630903,4303.625,,,132.4630903
154.5631379,4564.625,,,132.5631379
154.6631856,4292.5625,,,132.6631856
154.7632332,4659.25,,,132.7632332
154.8632809,4576.375,,,132.8632809
154.9633285,4564.625,,,132.9633285
155.0633762,4576.375,,,133.0633762
155.1634238,4576.1875,,,133.1634238
155.2634715,4565,,,133.2634715
155.3635192,4576.1875,,,133.3635192
155.4635668,4511.625,,,133.4635668
155.5636145,4659.25,,,133.5636145
155.6636621,4576.4375,,,133.6636621
155.7637098,4564.625,,,133.7637098
155.8637574,4671,,,133.8637574
155.9638051,4576.1875,,,133.9638051
156.0638527,4565,,,134.0638527
156.1639004,4670.8125,,,134.1639004
156.263948,4565,,,134.263948
156.3639957,4670.8125,,,134.3639957
156.4640433,3559.875,,,134.4640433
156.564091,4586.0625,,,134.564091
156.6641386,4662.1875,,,134.6641386
156.7641863,4578.6875,,,134.7641863
156.8642339,4575.9375,,,134.8642339
156.9642816,4659.75,,,134.9642816
157.0643292,3535.0625,,,135.0643292
157.1643769,2282.5,,,135.1643769
157.2644245,4659.5,,,135.2644245
157.3644722,4564.625,,,135.3644722
157.4645198,4671,,,135.4645198
157.5645675,4564.625,,,135.5645675
157.6646151,4576.625,,,135.6646151
157.7646628,4670.75,,,135.7646628
157.8647104,4470.4375,,,135.8647104
157.9647581,4564.625,,,135.9647581
158.0648057,4659.625,,,136.0648057
158.1648534,4575.9375,,,136.1648534
158.264901,4659.75,,,136.264901
158.3649487,3464.375,,,136.3649487
158.4649963,3.75,,,136.4649963
158.565044,0,,,136.565044
158.6650916,0,,,136.6650916
158.7651393,1240,,,136.7651393
158.8651869,974.5,,,136.8651869
158.9652346,4196.4375,,,136.9652346
159.0652822,484.4375,,,137.0652822
159.1653299,0,,,137.1653299
159.2653776,54.3125,,,137.2653776
159.3654252,0,,,137.3654252
159.4654729,0,,,137.4654729
159.5655205,0,,,137.5655205
159.6655682,0,,,137.6655682
159.7656158,0,,,137.7656158
159.8656635,0,,,137.8656635
159.9657111,0,,,137.9657111
160.0657588,0,,,138.0657588
160.1658064,0,,,138.1658064
160.2658541,0,,,138.2658541
160.3659017,0,,,138.3659017
160.4659494,3711.5625,,,138.4659494
160.565997,4564.8125,,,138.565997
160.6660447,4660.375,,,138.6660447
160.7660923,4373.9375,,,138.7660923
160.86614,4584.375,,,138.86614
160.9661876,4576.1875,,,138.9661876
161.0662353,4659.625,,,139.0662353
161.1662829,4576.1875,,,139.1662829
161.2663306,4648.125,,,139.2663306
161.3663782,4587.6875,,,139.3663782
161.4664259,4565,,,139.4664259
161.5664735,4670.5625,,,139.5664735
161.6665212,4576.6875,,,139.6665212
161.7665688,4564.625,,,139.7665688
161.8666165,4659.625,,,139.8666165
161.9666641,4576.1875,,,139.9666641
162.0667118,4671.1875,,,140.0667118
162.1667594,4564.625,,,140.1667594
162.2668071,4584.25,,,140.2668071
162.3668547,4659.5,,,140.3668547
162.4669024,3130.125,,,140.4669024
162.56695,4564.625,,,140.56695
162.6669977,2724.6875,,,140.6669977
162.7670453,0,,,140.7670453
162.867093,1332.625,,,140.867093
162.9671406,4472.8125,,,140.9671406
163.0671883,4620.8125,,,141.0671883
163.167236,4524.3125,,,141.167236
163.2672836,986.5625,,,141.2672836
163.3673313,0,,,141.3673313
163.4673789,0,,,141.4673789
163.5674266,0,,,141.5674266
163.6674742,0,,,141.6674742
163.7675219,2170.5625,,,141.7675219
